No.;Kimberlite_Occurrence;Country;Longitude;Latitude;Geochronology_Method_(minerals_etc);Geochronology_Method_(isotope_system);Age
402;191X084;Angola;17.08915;-11.18863;Zircon;U-Th-Pb;252
406;191X103;Angola;17.09192;-11.18418;Zircon;U-Th-Pb;250
412;Lubia-08_(191/X030);Angola;17.1849;-11.1157;Kelyphite_after_Garnet;Ar-Ar;245
422;Lubia-06_191/(X032);Angola;17.17912;-11.136;Kelyphite_after_Garnet;Ar-Ar;239
425;191X035;Angola;17.18841;-11.11025;Zircon;U-Th-Pb;238
430;191X141;Angola;17.14307;-11.23623;Zircon;U-Th-Pb;236
431;LUBIA;Angola;17.15589;-11.19265;Zircon;U-Th-Pb;236
432;Mbueto-06_(191/X135);Angola;17.08417;-11.18795;Zircon;U-Th-Pb;236
436;191X104;Angola;17.08413;-11.19157;Zircon;U-Th-Pb;235
439;Mbueto-04_(191/X100);Angola;17.09121;-11.19376;Zircon;U-Th-Pb;233
441;191X139;Angola;17.1256;-11.1434;Zircon;U-Th-Pb;229
449;191X008;Angola;17.1274;-11.2047;Zircon;U-Th-Pb;222
451;Lubia-10_(191/X142);Angola;17.14507;-11.16548;Zircon;U-Th-Pb;221
452;Mbueto-05_(191/X101);Angola;17.08612;-11.19574;Zircon;U-Th-Pb;221
455;191/X148;Angola;17.11843;-11.15527;Zircon;U-Th-Pb;216
566;86X039;Angola;20.8134;-8.4204;Phlogopite;Rb-Sr;154
617;AC1;Angola;19.904;-9.877;Perovskite;U-Th-Pb;145
620;104X037;Angola;20.56434;-8.53255;Zircon;U-Th-Pb;144
621;86X179;Angola;20.6725;-8.3778;Zircon;U-Th-Pb;144
630;86X371;Angola;20.99769;-8.46313;Perovskite;U-Th-Pb;141
639;Catoca;Angola;20.3022;-9.4039;Zircon;U-Th-Pb;139
644;86X179;Angola;20.6725;-8.3778;Zircon;U-Th-Pb;139
646;121X015;Angola;20.3702;-9.4193;Zircon;U-Th-Pb;138
647;86X059;Angola;20.6893;-8.374;Zircon;U-Th-Pb;138
649;86X281;Angola;20.56244;-8.26351;Perovskite;U-Th-Pb;137
650;86X017;Angola;20.6786;-8.3775;Perovskite;U-Th-Pb;136
651;86X129;Angola;20.7682;-8.345;Zircon;U-Th-Pb;136
652;AC139;Angola;19.943;-9.91;Perovskite;U-Th-Pb;136
653;Nova_Lisboa-01;Angola;15.7728;-12.3431;Zircon;U-Th-Pb;136
655;121X007;Angola;20.3771;-9.4063;Zircon;U-Th-Pb;135
656;86X114;Angola;20.6458;-8.2166;Zircon;U-Th-Pb;135
657;86X157;Angola;20.7478;-8.4007;Zircon;U-Th-Pb;135
658;Camutue_West;Angola;20.8104;-8.4266;Kelyphite_after_Garnet;Ar-Ar;135
659;86X311;Angola;20.52398;-8.27775;Zircon;U-Th-Pb;135
660;86X005;Angola;20.77813;-8.1944;Perovskite;U-Th-Pb;134
661;86X104;Angola;20.5853;-8.1464;Zircon;U-Th-Pb;134
662;86X319;Angola;20.69746;-8.36653;Perovskite;U-Th-Pb;134
663;Nova_Lisboa-17;Angola;15.8292;-12.56667;Zircon;U-Th-Pb;134
664;Val_Do_Queve;Angola;15.83333;-12.56667;Zircon;U-Th-Pb;134
666;86X078;Angola;20.6423;-8.223;Zircon;U-Th-Pb;134
667;86X311;Angola;20.52398;-8.27775;Zircon;U-Th-Pb;134
668;86X014;Angola;20.6617;-8.3499;Zircon;U-Th-Pb;133
669;86X059;Angola;20.6893;-8.374;Zircon;U-Th-Pb;133
670;86X102;Angola;20.6494;-8.2397;Zircon;U-Th-Pb;133
671;86X338;Angola;20.78011;-8.19386;Zircon;U-Th-Pb;133
672;Caixepa;Angola;20.8214;-8.4118;Phlogopite/Biotite;Rb-Sr;133
673;Catoca;Angola;20.3022;-9.4039;Phlogopite/Biotite;Rb-Sr;133
674;Nova_Lisboa-01;Angola;15.7728;-12.3431;Zircon;Fission_Track;133
675;104X083;Angola;20.55877;-8.53571;Zircon;U-Th-Pb;132
676;86X042;Angola;20.98014;-8.45747;Perovskite;U-Th-Pb;132
677;86X177;Angola;20.6792;-8.2275;Zircon;U-Th-Pb;132
678;86X017;Angola;20.6786;-8.3775;Zircon;U-Th-Pb;131
679;86X314;Angola;20.7117;-8.37112;Zircon;U-Th-Pb;131
680;103X014;Angola;20.45137;-8.55687;Zircon;U-Th-Pb;131
681;121X005;Angola;20.2999;-9.4175;Phlogopite;Ar-Ar;131
682;86X060;Angola;20.7048;-8.3671;Zircon;U-Th-Pb;130
683;86X075;Angola;20.636;-8.3535;Kelyphite_after_Garnet;Ar-Ar;130
685;86X014;Angola;20.6617;-8.3499;Phlogopite;Rb-Sr;129
686;86X016;Angola;20.695;-8.3667;Perovskite;U-Th-Pb;129
687;86X075;Angola;20.636;-8.3535;Phlogopite;Rb-Sr;129
688;86X192;Angola;20.7242;-8.2853;Zircon;U-Th-Pb;129
689;86X323;Angola;20.69164;-8.37031;Zircon;U-Th-Pb;129
693;86X176;Angola;20.68509;-8.23326;Zircon;U-Th-Pb;128
694;121X005;Angola;20.2999;-9.4175;Kelyphite_after_Garnet;Ar-Ar;127
697;86X361;Angola;20.72496;-8.35344;Zircon;U-Th-Pb;126
698;121X015;Angola;20.3702;-9.4193;Kelyphite_after_Garnet;Ar-Ar;126
699;86X323;Angola;20.69164;-8.37031;Zircon;U-Th-Pb;126
700;86X323;Angola;20.69165;-8.37022;Perovskite;U-Th-Pb;126
702;86X448;Angola;20.72302;-8.4152;Zircon;U-Th-Pb;126
706;86X361;Angola;20.72496;-8.35344;Zircon;U-Th-Pb;124
707;121X007;Angola;20.3771;-9.4063;Kelyphite_after_Garnet;Ar-Ar;124
708;Catoca;Angola;20.3022;-9.4039;Zircon;U-Th-Pb;124
709;86X019;Angola;20.7863;-8.3629;Kelyphite_after_Garnet;Ar-Ar;122
713;Tchiunzo;Angola;20.31313;-9.18233;Zircon;U-Th-Pb;121
714;86X367;Angola;20.76377;-8.39504;Zircon;U-Th-Pb;120
715;86X002;Angola;20.6654;-8.2194;Kelyphite_after_Garnet;Ar-Ar;120
716;86X003;Angola;20.696;-8.2239;Kelyphite_after_Garnet;Ar-Ar;120
721;86X063;Angola;20.7483;-8.1822;Zircon;U-Th-Pb;119
727;Catoca;Angola;20.3022;-9.4039;Zircon;U-Th-Pb;118
728;86X068;Angola;20.7867;-8.1999;Kelyphite_after_Garnet;Ar-Ar;117
733;AC254;Angola;19.893;-9.989;Phlogopite/Biotite;Rb-Sr;116
740;136X018;Angola;18.63098;-9.64596;Phlogopite/Biotite;Rb-Sr;113
741;AC197;Angola;19.89;-9.981;Zircon;U-Th-Pb;113
742;AC55;Angola;19.92;-9.977;Zircon;U-Th-Pb;113
748;Camafuca_Camazambo;Angola;20.515;-8.4473;Clinopyroxene;Ar-Ar;110
753;86X014;Angola;20.6617;-8.3499;Kelyphite_after_Garnet;Ar-Ar;108
712;Mount_Meredith_1;Antarctica;67.75;-71.21;Perovskite;U-Th-Pb;122
732;Mount_Meredith_1;Antarctica;67.75;-71.21;Phlogopite;Ar-Ar;117
4;Turkey-01;Australia;120.652;-28.8757;Phlogopite/Biotite;Rb-Sr;2100
5;Melita-01;Australia;121.1911;-29.4955;Phlogopite;Ar-Ar;2052
6;Melrose_AB02;Australia;121.721;-28.175;Zircon;U-Th-Pb;2032
9;Placer_Anom_1;Australia;122.5173;-28.8895;Phlogopite/Biotite;Rb-Sr;2010
14;Mileura-03;Australia;116.0766;-27.0938;Phlogopite;Ar-Ar;1900
25;Brockman_Creek-01;Australia;119.9752;-21.3708;Kelyphite_after_Garnet;Ar-Ar;1662
72;Timber_Creek-04;Australia;130.4798;-15.7433;Spinel;Ar-Ar;1130
153;Phillips_Range;Australia;126.125;-16.9;Clinopyroxene;Ar-Ar;1000
160;Norseman-01;Australia;121.8722;-32.2544;Phlogopite/Biotite;Rb-Sr;849
162;Bow_Hill;Australia;128.2167;-16.6333;Phlogopite;K-Ar;815
164;Pteropus-01;Australia;127.4281;-14.63;Zircon;U-Th-Pb;800
165;Skerring;Australia;127.3539;-14.1116;Zircon;U-Th-Pb;800
166;Ashmore-01;Australia;127.2924;-14.2372;Phlogopite;Ar-Ar;799
171;Seppelt-01;Australia;127.3849;-14.435;Phlogopite/Biotite;Rb-Sr;784
291;Cleve-03;Australia;136.5375;-33.5583;Phlogopite/Biotite;Rb-Sr;470
333;Launfal;Australia;136.3437;-16.8563;Phlogopite/Biotite;Ar-Ar;382
334;Palomides;Australia;136.3446;-16.8493;Phlogopite/Biotite;Ar-Ar;382
337;Ector;Australia;136.3284;-16.8067;Phlogopite/Biotite;Ar-Ar;380
341;Excalibur;Australia;136.3404;-16.8587;Phlogopite/Biotite;Ar-Ar;377
362;Emu-01;Australia;136.3542;-16.7727;Phlogopite/Biotite;K-Ar;360
398;White_Cliffs-01;Australia;142.6278;-30.7306;Whole_Rock+Mineral;Rb-Sr;260
426;Packsaddle-01;Australia;133.9056;-14.8958;Phlogopite/Biotite;Rb-Sr;238
500;Cleve-01;Australia;136.5223;-33.5978;Perovskite;U-Th-Pb;177
512;Terowie_Gorge;Australia;139.0083;-33.1681;Phlogopite/Biotite;K-Ar;173
515;Walloway-01;Australia;138.5847;-32.6083;Whole_Rock+Mineral;Rb-Sr;172
519;Orroroo-03;Australia;138.5889;-32.5681;Zircon;U-Th-Pb;170
520;Orroroo-05;Australia;138.6083;-32.5528;Zircon;U-Th-Pb;170
717;Ullawara-01;Australia;116.0899;-23.4908;Kelyphite_after_Garnet;Ar-Ar;120
607;Tajibo-01;Bolivia;-59.7788;-18.1955;Zircon;U-Th-Pb;146
31;Mochudi-01;Botswana;26.398;-24.3882;Phlogopite/Biotite;Rb-Sr;1390
32;Mosomane-02;Botswana;25.8778;-24.1071;Phlogopite;Ar-Ar;1386
33;Martins_Drift-02;Botswana;27.8627;-22.743;Phlogopite/Biotite;Ar-Ar;1364
35;Martins_Drift-04;Botswana;27.8977;-22.703;Phlogopite/Biotite;Rb-Sr;1352
36;Martins_Drift-04;Botswana;27.8978;-22.7022;Phlogopite/Biotite;Rb-Sr;1352
38;Martins_Drift-02;Botswana;27.8627;-22.743;Phlogopite/Biotite;Rb-Sr;1333
39;Martins_Drift-03;Botswana;27.8835;-22.7041;Phlogopite/Biotite;Rb-Sr;1333
40;Martins_Drift-04;Botswana;27.8977;-22.703;Phlogopite/Biotite;Rb-Sr;1333
42;Martins_Drift-02;Botswana;27.8627;-22.743;Phlogopite/Biotite;Rb-Sr;1287
185;Kgalagadi-02;Botswana;22.0205;-24.8995;Perovskite;U-Th-Pb;647
197;Kgalagadi-04;Botswana;22.615;-24.5842;Phlogopite/Biotite;Rb-Sr;589
201;Kgalagadi-07;Botswana;22.2164;-24.9314;Perovskite;U-Th-Pb;585
216;Kgalagadi-04;Botswana;22.615;-24.5842;Perovskite;U-Th-Pb;568
247;Kgalagadi-05;Botswana;22.0922;-24.9867;Perovskite;U-Th-Pb;531
264;Martins_Drift-08;Botswana;28.0788;-22.651;Clinopyroxene;Ar-Ar;513
267;Sikwane-01;Botswana;26.4436;-24.501;Phlogopite;Ar-Ar;509
274;Martins_Drift-08;Botswana;28.0789;-22.6502;Phlogopite;Ar-Ar;500
403;Jwaneng-02;Botswana;24.7014;-24.5233;Clinopyroxene;Ar-Ar;252
407;Jwaneng-02;Botswana;24.7014;-24.5233;Zircon;U-Th-Pb;250
408;Jwaneng-02;Botswana;24.7014;-24.5233;Perovskite;U-Th-Pb;250
409;Jwaneng-07;Botswana;24.77;-24.5483;Phlogopite/Biotite;Rb-Sr;250
410;Jwaneng-02;Botswana;24.7014;-24.5233;Perovskite;U-Th-Pb;249
413;Jwaneng-02;Botswana;24.7014;-24.5233;Clinopyroxene;Ar-Ar;245
416;Jwaneng-02;Botswana;24.7014;-24.5233;Clinopyroxene;Ar-Ar;244
417;Jwaneng-02;Botswana;24.7014;-24.5233;Phlogopite/Biotite;Rb-Sr;244
418;Jwaneng-07;Botswana;24.77;-24.5483;Phlogopite/Biotite;Rb-Sr;242
419;Jwaneng-02;Botswana;24.7014;-24.5233;Clinopyroxene;Ar-Ar;241
423;Jwaneng-02;Botswana;24.7014;-24.5233;Clinopyroxene;Ar-Ar;239
437;GP173N;Botswana;24.19402;-23.08496;Phlogopite;Ar-Ar;235
438;Jwaneng-02;Botswana;24.7014;-24.5233;Zircon;U-Th-Pb;235
440;Jwaneng-02;Botswana;24.7014;-24.5233;Clinopyroxene;Ar-Ar;233
453;Thankane-01;Botswana;23.9968;-24.8115;Phlogopite;Ar-Ar;220
462;Jwaneng-01;Botswana;24.8086;-24.6478;Zircon;Fission_Track;206
463;Jwaneng-02;Botswana;24.7014;-24.5233;Zircon;U-Th-Pb;206
464;Jwaneng-07;Botswana;24.77;-24.5483;Zircon;U-Th-Pb;205
501;Ditshegwane-02;Botswana;24.9305;-24.21816;Phlogopite/Biotite;Rb-Sr;177
503;Orapa_AK1;Botswana;25.37;-21.3078;Clinopyroxene;Ar-Ar;176
507;Jwaneng-20;Botswana;24.94317;-24.30205;Zircon;U-Th-Pb;175
521;Ditshegwane-02;Botswana;24.9305;-24.21816;Perovskite;U-Th-Pb;170
522;Kgare-01;Botswana;24.8829;-24.3454;Phlogopite;Ar-Ar;170
527;Ditshegwane-02;Botswana;24.9305;-24.21816;Phlogopite;Ar-Ar;168
746;Letlhakane_DK1;Botswana;25.6897;-21.5194;Perovskite;U-Th-Pb;111
752;Letlhakane_DK1;Botswana;25.6897;-21.5194;Perovskite;U-Th-Pb;109
754;Letlhakane_DK2;Botswana;25.6961;-21.5233;Perovskite;U-Th-Pb;106
764;Letlhakane_DK1;Botswana;25.6897;-21.5194;Perovskite;U-Th-Pb;103
767;Khutse-01;Botswana;24.3908;-23.3042;Perovskite;U-Th-Pb;101
777;Orapa_BK10;Botswana;25.5704;-21.4034;Zircon;U-Th-Pb;100
783;Orapa_BK9;Botswana;25.5369;-21.3117;Whole_Rock+Mineral;Rb-Sr;99
793;Orapa_BK10;Botswana;25.5704;-21.4034;Zircon;U-Th-Pb;98
797;Orapa_AK20;Botswana;25.4103;-21.3291;Zircon;U-Th-Pb;97
802;Orapa_BK1;Botswana;25.6145;-21.2792;Perovskite;U-Th-Pb;97
803;Orapa_BK12;Botswana;25.5292;-21.3051;Perovskite;U-Th-Pb;97
804;Orapa_AK8;Botswana;25.4316;-21.40595;Zircon;U-Th-Pb;96
809;Orapa_AK1;Botswana;25.37;-21.3078;Clinopyroxene;Ar-Ar;95
820;Letlhakane_DK1;Botswana;25.6897;-21.5194;Perovskite;U-Th-Pb;94
821;Go136;Botswana;24.718;-22.586;Perovskite;U-Th-Pb;94
823;Gope-02;Botswana;24.6259;-22.5898;Zircon;U-Th-Pb;94
824;Orapa_BK9;Botswana;25.5369;-21.3117;Perovskite;U-Th-Pb;94
830;Orapa_BK7;Botswana;25.58362;-21.3505;Zircon;U-Th-Pb;94
836;Letlhakane_DK1;Botswana;25.6897;-21.5194;Whole_Rock+Mineral;Rb-Sr;93
837;Orapa_AK1;Botswana;25.37;-21.3078;Phlogopite/Biotite;Rb-Sr;93
838;Orapa_AK1;Botswana;25.37;-21.3078;Zircon;U-Th-Pb;93
839;Orapa_AK6;Botswana;25.4703;-21.4956;Zircon;U-Th-Pb;93
840;Orapa_AK6;Botswana;25.4703;-21.4956;Zircon;U-Th-Pb;93
842;Orapa_AK1;Botswana;25.37;-21.3078;Perovskite;U-Th-Pb;92
843;Orapa_AK1;Botswana;25.37;-21.3078;Zircon;Fission_Track;92
844;Orapa_AK8;Botswana;25.4316;-21.40595;Zircon;U-Th-Pb;92
845;Orapa_BK4;Botswana;25.62911;-21.30616;Zircon;U-Th-Pb;92
854;Gope-02;Botswana;24.6259;-22.5898;Perovskite;U-Th-Pb;91
865;Orapa_BK1;Botswana;25.6145;-21.2792;Zircon;U-Th-Pb;90
884;Orapa_AK6;Botswana;25.4703;-21.4956;Zircon;U-Th-Pb;88
898;Kikao-03;Botswana;24.0504;-23.1547;Perovskite;U-Th-Pb;88
900;Go136;Botswana;24.718;-22.586;Perovskite;U-Th-Pb;87
907;Gope-25;Botswana;24.7675;-22.6252;Phlogopite/Biotite;Rb-Sr;87
908;Malagong_Sills;Botswana;21.5333;-26.7833;Perovskite;U-Th-Pb;87
909;Okwa-01;Botswana;21.5191;-22.5947;Phlogopite/Biotite;Rb-Sr;87
910;Orapa_AK1;Botswana;25.37;-21.3078;Zircon;Fission_Track;87
920;Orapa_AK4;Botswana;25.4115;-21.2934;Zircon;U-Th-Pb;86
921;Gope-25;Botswana;24.7675;-22.6252;Perovskite;U-Th-Pb;86
933;Quoxo_River-03;Botswana;24.1073;-22.5372;Perovskite;U-Th-Pb;85
934;Khutse-01;Botswana;24.3908;-23.3042;Phlogopite/Biotite;Rb-Sr;85
946;Orapa_AK25;Botswana;25.42102;-21.3174;Zircon;U-Th-Pb;84
952;Nxau-Nxau;Botswana;21.14181;-18.94705;Perovskite;U-Th-Pb;84
956;Go137;Botswana;24.6916;-22.572;Perovskite;U-Th-Pb;82
963;Nxau-Nxau;Botswana;21.13107;-18.94417;Perovskite;U-Th-Pb;81
970;Quoxo_River-02;Botswana;24.1747;-22.8457;Perovskite;U-Th-Pb;80
989;Molopo_M1;Botswana;22.175;-26.2042;Zircon;U-Th-Pb;78
1018;Kang_KE1;Botswana;23.95;-24.5042;Perovskite;U-Th-Pb;73
59;Salvador-01;Brazil;-42.1938;-12.0133;Phlogopite;Rb-Sr;1152
174;Brauna-11;Brazil;-39.4013;-10.9166;Kelyphite_after_Garnet;Ar-Ar;726
177;Brauna-15;Brazil;-39.4;-10.9241;Phlogopite;Ar-Ar;690
178;Brauna-03;Brazil;-39.4238;-10.9016;Phlogopite/Biotite;Rb-Sr;682
186;Brauna-07;Brazil;-39.4088;-10.9069;Perovskite;U-Th-Pb;642
328;Jaibara-01;Brazil;-46.6367;-1.9597;Phlogopite;Ar-Ar;385
397;Concordo-01;Brazil;-60.6288;-13.1333;Perovskite;U-Th-Pb;268
399;Jacare-01;Brazil;-58.9905;-14.9627;Phlogopite;Ar-Ar;259
414;Jaibara-02;Brazil;-46.6349;-1.9615;Phlogopite/Biotite;Ar-Ar;245
421;Cosmo-03;Brazil;-60.6238;-11.7852;Phlogopite;Rb-Sr;240
424;Jaibara-01;Brazil;-46.6367;-1.9597;Phlogopite;Rb-Sr;239
428;Cosmo-01;Brazil;-60.6147;-11.74;Phlogopite;Ar-Ar;237
429;Cosmo-17;Brazil;-60.5944;-11.8408;Perovskite;U-Th-Pb;237
444;Cosmo-01;Brazil;-60.6147;-11.74;Phlogopite;Rb-Sr;227
456;Moana-02;Brazil;-41.8102;-6.8833;Zircon;Fission_Track;216
460;Jacare-01;Brazil;-58.9905;-14.9627;Phlogopite;Rb-Sr;209
461;Moana-01;Brazil;-41.92;-6.8389;Phlogopite/Biotite;Rb-Sr;209
491;Cosmo-04;Brazil;-60.6238;-11.7852;Phlogopite;Ar-Ar;182
494;Cosmo-03;Brazil;-60.6238;-11.7852;Phlogopite;Ar-Ar;180
510;Traira-01;Brazil;-60.9227;-8.95;Zircon;Fission_Track;174
587;Canastra-01;Brazil;-46.5502;-20.3411;Kelyphite_after_Garnet;Ar-Ar;150
640;Moana-02;Brazil;-41.8102;-6.8833;Phlogopite;Rb-Sr;139
710;Batovi-02;Brazil;-54.1;-13.5333;Zircon;U-Th-Pb;122
723;Rosario-06;Brazil;-54.9619;-30.3425;Perovskite;U-Th-Pb;118
724;Sucesso-01;Brazil;-46.423;-18.9872;Phlogopite/Biotite;Rb-Sr;118
738;Rock-01;Brazil;-46.2002;-20.2736;Kelyphite_after_Garnet;Ar-Ar;114
749;Japecanga-01;Brazil;-47.34;-18.393;Phlogopite/Biotite;Rb-Sr;109
758;Canastra-08;Brazil;-46.745;-20.3552;Phlogopite;Ar-Ar;104
776;Tres_Ranchos-078;Brazil;-47.6775;-18.2613;Perovskite;U-Th-Pb;100
792;Tres_Ranchos-078;Brazil;-47.6775;-18.2613;Perovskite;U-Th-Pb;99
810;Limeira-08;Brazil;-46.9266;-19.3144;Phlogopite/Biotite;Rb-Sr;95
811;Tres_Ranchos-002;Brazil;-47.7869;-18.4555;Phlogopite/Biotite;Rb-Sr;95
825;Perdizes-04;Brazil;-47.4669;-18.5602;Perovskite;U-Th-Pb;94
831;Juina-03;Brazil;-58.9702;-11.6166;Zircon;U-Th-Pb;94
833;Pandrea_(Juina);Brazil;-58.9702;-11.6166;Zircon;U-Th-Pb;94
835;Acuri-01;Brazil;-59.1547;-11.3555;Perovskite;U-Th-Pb;93
853;Tres_Ranchos-004;Brazil;-47.8214;-18.3139;Perovskite;U-Th-Pb;91
862;Limeira;Brazil;-47.48333;-18.5;Perovskite;U-Th-Pb;91
870;Canabrava_X270;Brazil;-46.34096;-18.86562;Perovskite;U-Th-Pb;90
882;Perdizes-02;Brazil;-47.4666;-18.55;Phlogopite;Rb-Sr;88
885;Alpha-01;Brazil;-46.7769;-18.4755;Perovskite;U-Th-Pb;88
886;Rio_Preto-02;Brazil;-47.3955;-18.2905;Perovskite;U-Th-Pb;88
887;Rio_Preto-02;Brazil;-47.3955;-18.2905;Phlogopite;Ar-Ar;88
888;Tres_Ranchos-078;Brazil;-47.6775;-18.2613;Phlogopite/Biotite;Rb-Sr;88
897;Tres_Ranchos-078;Brazil;-47.6775;-18.2613;Phlogopite;Rb-Sr;88
901;Tres_Ranchos-072;Brazil;-47.6975;-18.2694;Phlogopite/Biotite;Ar-Ar;87
902;Tres_Ranchos-073;Brazil;-47.6911;-18.2561;Phlogopite/Biotite;Ar-Ar;87
904;Alpha-09;Brazil;-46.7675;-18.5222;Phlogopite;Rb-Sr;87
905;Perdizes-02;Brazil;-47.4666;-18.55;Perovskite;U-Th-Pb;87
906;Rio_Verde-03;Brazil;-51.1675;-17.3433;Phlogopite;Ar-Ar;87
911;Alpha-08;Brazil;-46.795;-18.5108;Phlogopite/Biotite;Rb-Sr;87
912;Tres_Ranchos-014;Brazil;-47.8466;-18.3269;Perovskite;U-Th-Pb;87
918;Rio_Preto-02;Brazil;-47.3955;-18.2905;Phlogopite;Rb-Sr;87
922;Poco_Verde-01;Brazil;-47.2114;-18.4125;Zircon;U-Th-Pb;86
923;Tres_Ranchos-078;Brazil;-47.6775;-18.2613;Phlogopite;Ar-Ar;86
931;Tres_Ranchos-082;Brazil;-47.7208;-18.2458;Phlogopite/Biotite;Ar-Ar;86
932;Joana-30;Brazil;-46.9175;-20.0194;Phlogopite;Ar-Ar;85
935;Limpeza-18;Brazil;-46.7964;-18.48;Phlogopite;Rb-Sr;85
936;Paranaiba-01;Brazil;-46.1377;-19;Phlogopite;Rb-Sr;85
937;Rio_Verde-03;Brazil;-51.1675;-17.3433;Perovskite;U-Th-Pb;85
942;Japecanga-06;Brazil;-47.3533;-18.4125;Phlogopite;Rb-Sr;85
945;Dourados-19;Brazil;-47.0613;-18.8633;Perovskite;U-Th-Pb;84
947;Pantano;Brazil;-46.7963;-18.48;Perovskite;U-Th-Pb;84
948;Santa_Rosa-04;Brazil;-47.2597;-18.6619;Phlogopite/Biotite;Rb-Sr;84
951;Lemes;Brazil;-47.55;-18.12;Perovskite;U-Th-Pb;84
953;Rio_Verde-03;Brazil;-51.1675;-17.3433;Phlogopite;Rb-Sr;83
957;Pantano;Brazil;-46.7963;-18.48;Perovskite;U-Th-Pb;82
960;Tres_Ranchos-004;Brazil;-47.8214;-18.3139;Phlogopite;Rb-Sr;82
964;Tres_Ranchos-027;Brazil;-47.8238;-18.44;Perovskite;U-Th-Pb;81
971;Alpha-09;Brazil;-46.7675;-18.5222;Perovskite;U-Th-Pb;80
972;Esperanca-01;Brazil;-45.9516;-19.9805;Zircon;U-Th-Pb;80
973;Joana-05;Brazil;-46.9;-20.0538;Zircon;U-Th-Pb;80
977;Indaia;Brazil;-47.46667;-18.56667;Perovskite;U-Th-Pb;80
978;Limpeza-18;Brazil;-46.7964;-18.48;Perovskite;U-Th-Pb;80
980;Paranaiba-14;Brazil;-46.2377;-18.8577;Perovskite;U-Th-Pb;79
981;Alpha-06;Brazil;-46.8041;-18.5188;Phlogopite;Rb-Sr;79
982;Joana-06;Brazil;-46.9014;-20.0527;Zircon;U-Th-Pb;79
984;Malaquias;Brazil;-46.31667;-18.45;Perovskite;U-Th-Pb;79
985;Joana-02;Brazil;-46.8988;-20.0544;Perovskite;U-Th-Pb;79
987;407_437_PK16_1;Brazil;Phlogopite;Rb-Sr;78.4;;0
990;Pantano;Brazil;-46.7963;-18.48;Zircon;U-Th-Pb;78
996;Dourados-19;Brazil;-47.0613;-18.8633;Perovskite;U-Th-Pb;77
997;Omega-17;Brazil;-46.8238;-18.5941;Perovskite;U-Th-Pb;77
1004;Tres_Ranchos-081;Brazil;-47.7197;-18.2488;Perovskite;U-Th-Pb;75
1010;Sucesso-08;Brazil;-46.8033;-18.6766;Phlogopite;Rb-Sr;74
1036;Mirante-01;Brazil;-50.1891;-27.8;Phlogopite;Ar-Ar;69
15;Lac_Castignon-02;Canada;-68.76704;56.41953;Zircon;U-Th-Pb;1880
16;Lac_Castignon-01;Canada;-68.81321;56.48383;Whole_Rock;K-Ar;1873
18;Owens;Canada;-82.52083;49.44104;Phlogopite;K-Ar;1842
45;Nemag_Lake;Canada;-81.25353;46.35894;Phlogopite/Biotite;K-Ar;1196
64;Marathon_Dykes;Canada;-86.36328;48.7137;Perovskite;U-Th-Pb;1144
83;Kyle_Lake;Canada;-85.4041;52.46339;Phlogopite;Rb-Sr;1123
101;Bachelor_Lake;Canada;-76.14491;49.49819;Phlogopite/Biotite;K-Ar;1100
130;Dead_Horse_Creek;Canada;-86.67367;48.83751;Phlogopite;Rb-Sr;1085
151;Kyle-05;Canada;-85.2576;53.07604;Perovskite;U-Th-Pb;1076
154;Le_Tac;Canada;-76.141;49.42466;Phlogopite;Ar-Ar;1000
155;Badgerow;Canada;-81.7351;46.6422;Zircon;U-Th-Pb;975
170;Vader;Canada;-78.5633;52.90068;Phlogopite;Ar-Ar;790
179;Amon;Canada;-80.21584;70.6961;Rutile;U-Th-Pb;673
183;Baffin-01;Canada;-80.06341;70.50152;Phlogopite;Ar-Ar;655
184;Gerle_Gold;Canada;-109.3461;63.3697;Kelyphite_after_Garnet;Ar-Ar;650
188;Renard-01;Canada;-72.19752;52.82296;Perovskite;U-Th-Pb;632
191;Anuri;Canada;-112.99394;66.55716;Phlogopite;Rb-Sr;613
196;George;Canada;-109.70854;64.70535;Phlogopite/Biotite;Ar-Ar;590
203;Torngat-01;Canada;-65.11748;59.47747;Perovskite;U-Th-Pb;584
212;USouth_Africa;Canada;-113.36772;63.46607;Phlogopite;Ar-Ar;574
215;Aillik_Bay;Canada;-59.1698;55.22023;Phlogopite/Biotite;K-Ar;570
217;Chicoutimi;Canada;-71.24841;48.46632;Whole_Rock;K-Ar;568
223;Indicator_Lake;Canada;-72.39706;51.97688;Perovskite;U-Th-Pb;551
224;Abloviak-01;Canada;-65.13667;59.465;Phlogopite;Ar-Ar;550
225;Abloviak-02;Canada;-65.18417;59.44375;Phlogopite;Ar-Ar;550
228;Hearne;Canada;-109.22687;63.43061;Phlogopite;Ar-Ar;549
230;Qilaluqag-01;Canada;-86.13994;66.56039;Perovskite;U-Th-Pb;546
231;Tuzo;Canada;-109.19962;63.44174;Phlogopite;Ar-Ar;542
237;5034_(Gahcho_Kue);Canada;-109.2082;63.43537;Phlogopite/Biotite;Rb-Sr;539
242;Kikerk_Lake-01;Canada;-113.21469;67.13947;Phlogopite/Biotite;Ar-Ar;535
243;Opus-06;Canada;-84.27933;72.2295;Phlogopite;Ar-Ar;535
248;Tesla;Canada;-109.2122;63.4454;Phlogopite;Ar-Ar;531
249;AV-1;Canada;-83.39003;69.2835;Perovskite;U-Th-Pb;530
250;AV-2;Canada;-83.29943;69.26924;Perovskite;U-Th-Pb;530
256;Snap_Lake;Canada;-110.8565;63.60812;Phlogopite/Biotite;Rb-Sr;523
257;Lynx_Dyke;Canada;-72.23128;52.81921;Ilmenite;U-Th-Pb;522
275;Kent;Canada;-113.66028;64.20248;Phlogopite/Biotite;Rb-Sr;500
285;Wolverine_North;Canada;-113.60254;64.2194;Kelyphite_after_Garnet;Ar-Ar;480
292;CL25;Canada;-110.15822;63.57044;Zircon;U-Th-Pb;470
293;Knife_Lake;Canada;-113.15288;67.01286;Zircon;U-Th-Pb;467
297;Jean;Canada;-113.69101;63.70822;Phlogopite/Biotite;Ar-Ar;461
300;Cross_Lake;Canada;-113.29473;63.55704;Zircon;U-Th-Pb;450
301;Rich;Canada;-113.73111;63.69148;Kelyphite_after_Garnet;Ar-Ar;448
303;Drybones_Bay;Canada;-113.80564;62.13837;Zircon;U-Th-Pb;441
305;Mountain_Diatreme;Canada;-129.50134;64.23105;Phlogopite;K-Ar;437
306;Orion;Canada;-113.29149;63.51669;Zircon;U-Th-Pb;435
324;HP_Pipe;Canada;-116.96274;51.70222;Phlogopite/Biotite;Rb-Sr;391
379;Ospika;Canada;-123.75083;56.41852;Phlogopite/Biotite;Rb-Sr;334
391;Snow_Goose;Canada;-110.1415;70.542;Kelyphite_after_Garnet;Ar-Ar;300
393;Golden_Plover;Canada;-109.12389;70.19336;Phlogopite;Ar-Ar;286
395;Longspur;Canada;-109.1085;70.18894;Phlogopite;Ar-Ar;276
400;Snowy_Owl;Canada;-109.1453;70.19849;Phlogopite;Ar-Ar;257
401;Phalarope;Canada;-109.02131;70.18474;Phlogopite;Ar-Ar;256
405;King_Eider;Canada;-109.8536;70.72812;Phlogopite/Biotite;Rb-Sr;251
411;Turnstone;Canada;-109.9213;70.76609;Kelyphite_after_Garnet;Ar-Ar;247
420;Cross-01;Canada;-114.99736;50.08749;Whole_Rock+Mineral;Rb-Sr;241
435;Pike_River-02;Canada;-81.91783;50.32182;Perovskite;U-Th-Pb;236
443;KD568;Canada;-91.1176;63.17474;Perovskite;U-Th-Pb;227
445;FWR005-2;Canada;Perovskite;U-Th-Pb;225;0;0
446;KD230;Canada;-91.01;63.13;Perovskite;U-Th-Pb;224
450;KD209;Canada;-90.97807;63.18152;Phlogopite/Biotite;Rb-Sr;222
454;KD5168;Canada;Phlogopite/Biotite;Rb-Sr;219;0;0
457;FWR005-1;Canada;Perovskite;U-Th-Pb;216;0;0
458;October;Canada;-91.40386;62.8797;Phlogopite;Rb-Sr;214
465;CD07;Canada;-91.3;62.91;Phlogopite/Biotite;Rb-Sr;204
468;CD17;Canada;Phlogopite/Biotite;Rb-Sr;202;0;0
471;CD06;Canada;-91.34;62.94;Phlogopite/Biotite;Rb-Sr;199
472;CD01;Canada;-91.34;62.94;Perovskite;U-Th-Pb;198
473;KD5821;Canada;-90.83632;63.33722;Phlogopite/Biotite;Rb-Sr;197
474;K-L;Canada;-91.92299;62.97273;Perovskite;U-Th-Pb;196
475;KD501;Canada;Phlogopite/Biotite;Rb-Sr;196;0;0
476;CD21;Canada;-90.85;63.06;Phlogopite/Biotite;Rb-Sr;195
480;CD24;Canada;-90.88;63.19;Perovskite;U-Th-Pb;191
481;KD217;Canada;-90.99;63.14;Perovskite;U-Th-Pb;191
482;KD5108;Canada;-91.01272;63.13459;Phlogopite/Biotite;Rb-Sr;189
483;KD636;Canada;Perovskite;U-Th-Pb;188;0;0
486;CD13;Canada;-90.74;63.03;Phlogopite/Biotite;Rb-Sr;185
487;KD573;Canada;Perovskite;U-Th-Pb;185;0;0
488;CD03;Canada;-91.35;62.99;Phlogopite/Biotite;Rb-Sr;184
489;KD597;Canada;-91.72;63.15;Phlogopite/Biotite;Rb-Sr;183
490;KD900;Canada;-91.01501;63.13494;Phlogopite/Biotite;Rb-Sr;183
492;CD02;Canada;-91.35;62.99;Phlogopite/Biotite;Rb-Sr;181
495;Uniform;Canada;-83.9136;52.87912;Perovskite;U-Th-Pb;180
496;Charlie;Canada;-83.93339;52.85872;Perovskite;U-Th-Pb;180
499;Macfadyen-01;Canada;-83.95413;52.88295;Perovskite;U-Th-Pb;177
502;Muskox;Canada;-111.78325;65.95674;Kelyphite_after_Garnet;Ar-Ar;177
504;Varty_Lake;Canada;-76.8274;44.40542;Perovskite;U-Th-Pb;176
506;Bravo;Canada;-83.93949;52.86498;Perovskite;U-Th-Pb;176
508;CD12;Canada;Phlogopite/Biotite;Rb-Sr;175;0;0
509;Loki;Canada;-111.94572;66.11517;Phlogopite;Ar-Ar;175
511;Voyageur;Canada;-111.87506;66.06269;Kelyphite_after_Garnet;Ar-Ar;174
513;CD09;Canada;-91.35;62.94;Perovskite;U-Th-Pb;173
514;Picton;Canada;-77.12634;44.04897;Phlogopite/Biotite;K-Ar;173
516;Jericho;Canada;-111.47868;65.99585;Phlogopite;Rb-Sr;172
517;KD244;Canada;-91.02956;63.21067;Perovskite;U-Th-Pb;171
523;KD637;Canada;Perovskite;U-Th-Pb;170;0;0
524;Peregrine;Canada;-112.33272;66.1588;Phlogopite;Ar-Ar;170
526;Rush;Canada;-111.94295;65.97477;Phlogopite/Biotite;Ar-Ar;169
530;Tandem-01;Canada;-65.10773;59.362;Perovskite;U-Th-Pb;165
538;Alfie_Creek-02;Canada;-79.88704;48.21613;Zircon;U-Th-Pb;159
541;Kirkland_Lake;Canada;-79.93399;48.14807;Perovskite;U-Th-Pb;158
542;Victor;Canada;-83.88311;52.82081;Zircon;U-Th-Pb;158
549;A4;Canada;-110.56114;64.46717;Perovskite;U-Th-Pb;157
550;CH-29;Canada;-66.5649;64.49408;Perovskite;U-Th-Pb;157
551;A1;Canada;-79.87783;48.25336;Phlogopite;Rb-Sr;156
552;Alfie_Creek-01;Canada;-79.88147;48.22049;Perovskite;U-Th-Pb;156
553;CH-31;Canada;-66.30811;64.22241;Perovskite;U-Th-Pb;156
554;Clifford_Township;Canada;-79.80198;48.27919;Perovskite;U-Th-Pb;156
555;Golf;Canada;-83.82513;52.91698;Phlogopite/Biotite;Rb-Sr;156
556;Nickila_Lake;Canada;-79.92503;48.28375;Perovskite;U-Th-Pb;156
558;CH-13;Canada;-65.95925;64.27448;Perovskite;U-Th-Pb;156
559;Morissette_Creek;Canada;-79.91554;48.20754;Perovskite;U-Th-Pb;156
560;South_Wabi_Creek-01;Canada;-79.72031;47.47854;Perovskite;U-Th-Pb;155
561;Lundy-02;Canada;-79.89163;47.52334;Perovskite;U-Th-Pb;155
563;Nelson_Lake;Canada;-79.8817;48.23437;Perovskite;U-Th-Pb;155
570;Seed;Canada;-79.76648;47.45513;Perovskite;U-Th-Pb;154
571;BKF1;Canada;-79.68363;47.44286;Perovskite;U-Th-Pb;154
574;CH-39;Canada;-66.24803;64.23728;Perovskite;U-Th-Pb;153
575;Diamond_Lake-02;Canada;-79.75788;48.11649;Perovskite;U-Th-Pb;153
576;CH-30;Canada;-66.26522;64.1262;Perovskite;U-Th-Pb;152
577;Guibord;Canada;-80.19558;48.46821;Perovskite;U-Th-Pb;152
578;South_Wabi_Creek-03;Canada;-79.7065;47.47447;Phlogopite/Biotite;Rb-Sr;152
582;CH-41;Canada;-66.13527;64.32054;Perovskite;U-Th-Pb;152
583;Upper_Canada_Mine;Canada;-79.84004;48.14145;Phlogopite;K-Ar;151
584;CH-16;Canada;-66.02274;64.20355;Perovskite;U-Th-Pb;151
585;CH-22;Canada;-66.5228;64.35415;Perovskite;U-Th-Pb;151
586;CH-48;Canada;-66.11728;64.25284;Perovskite;U-Th-Pb;150
592;Q1;Canada;-65.80375;64.70356;Perovskite;U-Th-Pb;150
593;CH-5;Canada;-66.55643;64.25524;Perovskite;U-Th-Pb;150
594;CH-33;Canada;-66.23362;64.378;Perovskite;U-Th-Pb;149
597;Q2;Canada;-65.79428;64.6635;Perovskite;U-Th-Pb;148
599;CH-37;Canada;-66.20358;64.31592;Perovskite;U-Th-Pb;148
600;CH-2;Canada;-66.34644;64.27815;Perovskite;U-Th-Pb;148
602;CH-40;Canada;-66.07246;64.32779;Perovskite;U-Th-Pb;147
603;CH-42;Canada;-66.11757;64.25758;Perovskite;U-Th-Pb;147
605;CH-46;Canada;-66.35041;64.23768;Perovskite;U-Th-Pb;146
606;CH-1;Canada;-66.33409;64.265;Perovskite;U-Th-Pb;146
613;Garrison-01;Canada;-79.95282;48.47693;Perovskite;U-Th-Pb;146
614;CH-32;Canada;-66.15981;64.15095;Perovskite;U-Th-Pb;146
615;CH-6;Canada;-66.52962;64.32175;Perovskite;U-Th-Pb;145
616;CH-7;Canada;-66.3538;64.25054;Perovskite;U-Th-Pb;145
618;CH-45;Canada;-66.35215;64.24244;Perovskite;U-Th-Pb;145
619;CH-11;Canada;-66.21807;64.22697;Perovskite;U-Th-Pb;145
622;CH-3;Canada;-66.10915;64.22061;Perovskite;U-Th-Pb;144
623;CH-14;Canada;-66.19856;64.17995;Perovskite;U-Th-Pb;143
624;CH-4;Canada;-66.37887;64.26284;Perovskite;U-Th-Pb;143
625;CH-8;Canada;-66.38595;64.25113;Perovskite;U-Th-Pb;143
628;BKC31;Canada;-79.75855;47.48981;Perovskite;U-Th-Pb;142
629;CH-21;Canada;-66.2034;64.16305;Perovskite;U-Th-Pb;141
632;Ile_Bizard-01;Canada;-73.90896;45.50629;Perovskite;U-Th-Pb;140
638;CH-43;Canada;-66.19761;64.18486;Perovskite;U-Th-Pb;139
643;Opap;Canada;-79.7419;47.46061;Perovskite;U-Th-Pb;139
645;CH-15;Canada;-66.20201;64.18192;Perovskite;U-Th-Pb;138
665;Glinkers;Canada;-79.79;47.4674;Perovskite;U-Th-Pb;134
696;Border;Canada;-79.51606;47.64732;Phlogopite;Rb-Sr;127
701;Rapides_Des_Quinze;Canada;-79.36562;47.56768;Phlogopite/Biotite;Rb-Sr;126
703;Troika;Canada;-79.50955;47.64229;Phlogopite;Rb-Sr;125
755;Georgia;Canada;-93.96468;72.85241;Perovskite;U-Th-Pb;105
761;Star;Canada;-104.77005;53.22399;Perovskite;U-Th-Pb;104
768;Tunraq;Canada;-92.01266;73.35224;Phlogopite/Biotite;Rb-Sr;101
769;Uranerz-145;Canada;-104.81112;53.26886;Perovskite;U-Th-Pb;101
770;Uranerz-148;Canada;-104.8224;53.28706;Phlogopite/Biotite;Rb-Sr;101
771;Uranerz-168;Canada;-104.87493;53.39014;Perovskite;U-Th-Pb;101
772;Uranerz-226;Canada;-104.90493;53.40054;Perovskite;U-Th-Pb;101
778;Nikos;Canada;-90.98034;73.46066;Perovskite;U-Th-Pb;100
779;Uranerz-101;Canada;-104.83153;53.20506;Perovskite;U-Th-Pb;100
780;Uranerz-141;Canada;-104.80114;53.26003;Perovskite;U-Th-Pb;100
784;Amayersuk-01;Canada;-91.97337;73.34986;Perovskite;U-Th-Pb;99
785;Batty-01;Canada;-92.01736;73.34177;Perovskite;U-Th-Pb;99
786;Elwin;Canada;-90.99275;73.51182;Perovskite;U-Th-Pb;99
787;Ham;Canada;-92.18328;73.55966;Perovskite;U-Th-Pb;99
788;Tunraq;Canada;-92.01309;73.35289;Perovskite;U-Th-Pb;99
789;Uranerz-140;Canada;-104.79114;53.25611;Phlogopite/Biotite;Rb-Sr;99
790;Uranerz-181;Canada;-105.06926;53.57245;Perovskite;U-Th-Pb;99
794;Inugpasugsuk-02;Canada;-91.9808;73.35273;Perovskite;U-Th-Pb;98
795;Jos_Dyke;Canada;-92.98438;73.32639;Perovskite;U-Th-Pb;98
796;Uranerz-121;Canada;-104.78523;53.28576;Perovskite;U-Th-Pb;98
798;Batty-01;Canada;-92.01693;73.34112;Perovskite;U-Th-Pb;97
805;Elwin;Canada;-90.99241;73.51116;Perovskite;U-Th-Pb;96
806;Peuyuk-01;Canada;-94.08864;73.129;Perovskite;U-Th-Pb;96
807;Uranerz-116;Canada;-104.81533;53.23745;Whole_Rock+Mineral;Rb-Sr;96
812;Uranerz-118;Canada;-104.86559;53.26999;Perovskite;U-Th-Pb;95
813;Uranerz-120;Canada;-104.83715;53.29605;Phlogopite;Rb-Sr;95
814;Uranerz-169;Canada;-104.9117;53.40913;Phlogopite/Biotite;Rb-Sr;95
826;Peuyuk-01;Canada;-94.08804;73.12837;Perovskite;U-Th-Pb;94
827;Shellbrook;Canada;-106.11242;53.39732;Phlogopite/Biotite;Rb-Sr;94
889;BH229;Canada;-115.118;56.811;Perovskite;U-Th-Pb;88
890;Ham;Canada;-92.18283;73.559;Perovskite;U-Th-Pb;88
891;K14;Canada;-115.72103;56.89814;Perovskite;U-Th-Pb;88
892;K5A;Canada;-115.70848;56.81576;Perovskite;U-Th-Pb;88
913;K5;Canada;-115.70723;56.8158;Perovskite;U-Th-Pb;87
924;K7A;Canada;-115.72512;56.85007;Perovskite;U-Th-Pb;86
965;K252;Canada;-115.65805;56.83036;Phlogopite/Biotite;Rb-Sr;81
974;Finlay;Canada;-109.81582;64.78504;Kelyphite_after_Garnet;Ar-Ar;80
993;Legend;Canada;-112.87312;57.19045;Phlogopite;Rb-Sr;78
1002;Valkyrie;Canada;-113.30698;57.307;Perovskite;U-Th-Pb;76
1005;Mountain_Lake-01;Canada;-117.71285;55.45415;Apatite;Fission_Track;75
1008;Kudo;Canada;-110.15695;64.8282;Perovskite;U-Th-Pb;75
1011;Anne;Canada;-109.89258;64.7037;Clinopyroxene;Ar-Ar;74
1017;C13;Canada;-109.853;64.41037;Perovskite;U-Th-Pb;74
1019;Hardy_Lake-02;Canada;-109.97901;64.85546;Kelyphite_after_Garnet;Ar-Ar;73
1022;Xena;Canada;-113.04445;57.27128;Phlogopite;Rb-Sr;73
1023;Dragon;Canada;-113.47853;57.32986;Phlogopite;Rb-Sr;72
1024;Drew;Canada;-109.79504;64.72735;Kelyphite_after_Garnet;Ar-Ar;72
1029;Hardy_Lake-01;Canada;-109.94964;64.82602;Kelyphite_after_Garnet;Ar-Ar;71
1031;Phoenix;Canada;-113.47844;57.35248;Phlogopite;Rb-Sr;71
1037;Jaeger;Canada;-110.03987;70.79225;Perovskite;U-Th-Pb;69
1039;Caribou_West;Canada;-110.16388;64.81908;Perovskite;U-Th-Pb;68
1045;Kirk;Canada;-110.54142;64.6963;Perovskite;U-Th-Pb;68
1052;Husky;Canada;-110.66019;64.84696;Perovskite;U-Th-Pb;64
1053;BM2;Canada;-115.10023;56.78417;Perovskite;U-Th-Pb;64
1057;King;Canada;-110.91039;64.9068;Perovskite;U-Th-Pb;64
1058;Springbok;Canada;-110.18075;64.83597;Perovskite;U-Th-Pb;64
1063;Glory;Canada;-110.10518;64.53579;Phlogopite;Rb-Sr;61
1064;Rufus;Canada;-111.09908;64.64795;Phlogopite;Rb-Sr;61
1068;K19;Canada;-115.84647;56.68603;Phlogopite/Biotite;Rb-Sr;60
1069;K1A;Canada;-115.90341;56.65986;Phlogopite/Biotite;Rb-Sr;60
1073;Cobra;Canada;-110.98179;64.8902;Phlogopite;Rb-Sr;60
1074;Rattler;Canada;-110.97872;64.89542;Phlogopite;Rb-Sr;60
1075;Antelope;Canada;-110.2092;64.82316;Phlogopite;Rb-Sr;60
1078;Rooster;Canada;-111.11477;64.65287;Phlogopite;Rb-Sr;59
1079;Crab;Canada;-110.46828;64.73994;Phlogopite;Rb-Sr;59
1080;Shark;Canada;-110.10473;64.54948;Phlogopite;Rb-Sr;58
1081;Panther;Canada;-110.53878;64.85443;Phlogopite;Rb-Sr;58
1083;A154_North;Canada;-110.23252;64.50423;Phlogopite;Rb-Sr;56
1084;Misery;Canada;-110.17297;64.5608;Phlogopite;Rb-Sr;56
1085;North_Paul;Canada;-110.30897;64.717;Phlogopite/Biotite;Rb-Sr;56
1087;Piranha;Canada;-110.2357;64.5114;Phlogopite;Rb-Sr;56
1088;A21;Canada;-110.29012;64.47062;Phlogopite;Rb-Sr;56
1089;A154_South;Canada;-110.23556;64.49888;Phlogopite;Rb-Sr;56
1090;Lynx;Canada;-110.22215;64.54982;Phlogopite;Rb-Sr;55
1091;A418;Canada;-110.23514;64.49186;Phlogopite;Rb-Sr;55
1093;Cardinal;Canada;-110.04641;64.59247;Phlogopite;Rb-Sr;55
1094;Bison;Canada;-110.11896;64.73351;Phlogopite;Rb-Sr;55
1099;Koala_Lake;Canada;-110.59875;64.71792;Phlogopite;Rb-Sr;53
1100;Koala_North;Canada;-110.6031;64.7173;Phlogopite;Rb-Sr;53
1101;Beartooth;Canada;-110.5867;64.7352;Phlogopite;Rb-Sr;53
1102;Panda_Lake;Canada;-110.58425;64.72438;Phlogopite;Rb-Sr;53
1103;Zach;Canada;-110.37608;64.6767;Phlogopite;Rb-Sr;53
1104;Point_Lake;Canada;-110.14136;64.58625;Phlogopite;Rb-Sr;52
1105;Ranch_Lake;Canada;-111.51267;65.27664;Phlogopite;Rb-Sr;52
1106;Leslie_Lake;Canada;-110.66637;64.68186;Whole_Rock+Mineral;Rb-Sr;52
1110;Falcon;Canada;-110.5051;64.78104;Phlogopite;Rb-Sr;52
1112;Grizzly;Canada;-110.55127;64.72333;Phlogopite;Rb-Sr;51
1119;Willy_Nilly;Canada;-110.25105;64.75179;Phlogopite;Rb-Sr;48
1122;Gazelle;Canada;-110.6556;64.7224;Phlogopite;Rb-Sr;48
1123;Caribou;Canada;-110.12602;64.81724;Phlogopite;Rb-Sr;48
1126;Aaron;Canada;-110.3454;64.71796;Phlogopite;Rb-Sr;45
28;Jianjiagou-01;China;111.0412;37.44788;Phlogopite;Ar-Ar;1635
30;Yuzuican-05;China;113.35;39.64;Phlogopite;Rb-Sr;1500
279;Pengjiabang_Group;China;113;31.3333;Whole_Rock;K-Ar;493
283;Hongqi-01;China;117.781;35.6682;Phlogopite/Biotite;Rb-Sr;482
284;Shengli-01;China;117.778;35.6568;Perovskite;U-Th-Pb;481
286;Fuxian-50;China;121.808;39.5205;Baddeleyite;U-Th-Pb;480
287;Fuxian-01;China;121.773;39.5556;Whole_Rock+Mineral;K-Ar;475
288;Shengli-02;China;117.779;35.6585;Phlogopite/Biotite;Rb-Sr;475
290;Shengli-01;China;117.778;35.6568;Phlogopite/Biotite;Rb-Sr;474
294;Fuxian-50;China;121.808;39.5205;Perovskite;U-Th-Pb;465
295;Fuxian-51;China;121.816;39.5227;Phlogopite/Biotite;Rb-Sr;463
296;Fuxian-42;China;121.869;39.6581;Phlogopite;Ar-Ar;462
298;Hongqi-06;China;117.914;35.815;Phlogopite;Ar-Ar;460
299;Fuxian-50;China;121.808;39.5205;Phlogopite;Ar-Ar;458
302;Shenchong_(Ya_Qui);China;108.3;26.95;Whole_Rock;K-Ar;446
433;Jielingkou-01;China;119.25613;40.18309;Phlogopite;Ar-Ar;236
163;Mbujimayi-01;Congo;23.6076;-6.1671;Clinopyroxene;Ar-Ar;801
386;6_14K1;Congo;14.8917;-5.8208;Zircon;U-Th-Pb;322
387;6_14K2;Congo;14.9083;-5.7667;Zircon;U-Th-Pb;322
718;Tshibwe;Congo;23.3635;-6.2869;Phlogopite;Ar-Ar;120
799;Mbujimayi-04;Congo;23.5904;-6.1671;Kelyphite_after_Garnet;Ar-Ar;97
1030;Mbujimayi-01;Congo;23.6076;-6.1671;Zircon;U-Th-Pb;71
1032;Mbujimayi-01;Congo;23.6076;-6.1671;Baddeleyite;U-Th-Pb;70
1033;Mbujimayi-04;Congo;23.5904;-6.1671;Kelyphite_after_Garnet;Ar-Ar;70
1034;Mbujimayi-05;Congo;23.5877;-6.1671;Kelyphite_after_Garnet;Ar-Ar;70
1035;Tshibwe;Congo;23.3635;-6.2869;Phlogopite/Biotite;Ar-Ar;70
1041;193_174_X001;Congo;25.1004;-6.43872;Phlogopite/Biotite;Rb-Sr;68
1128;Tengo;Congo;27.5667;-10.1167;Phlogopite;Ar-Ar;35
1129;Msipashi;Congo;27.9917;-10.475;Perovskite;U-Th-Pb;33
1130;Kambeli;Congo;27.975;-10.4917;Perovskite;U-Th-Pb;29
1132;Tengo;Congo;27.5667;-10.1167;Phlogopite;Ar-Ar;25
47;Mantyjarvi;Finland;28.7034;63.0866;Phlogopite;Ar-Ar;1186
172;Kalettomanpuro;Finland;29.4118;65.5161;Perovskite;U-Th-Pb;754
218;Luikonlahti;Finland;28.7088;62.9431;Perovskite;U-Th-Pb;567
1;Mitzic;Gabon;11.2756;0.89414;Zircon;U-Th-Pb;2848
2;Mekone-01;Gabon;11.61195;0.45386;Amphibole;Ar-Ar;2500
3;Messogho-02;Gabon;11.47773;0.58045;Phlogopite;Ar-Ar;2235
7;Mekone-02;Gabon;11.65412;0.47105;Phlogopite;Ar-Ar;2029
10;Amie-02;Gabon;11.5296;0.63411;Amphibole;Ar-Ar;2000
11;Ayolo;Gabon;11.49565;0.59381;Amphibole;Ar-Ar;2000
17;Aboun-03;Gabon;11.12496;0.89521;Phlogopite;Ar-Ar;1850
176;Kolissen-01;Gabon;10.6878;-0.77614;Phlogopite;Ar-Ar;708
8;Akwatia;Ghana;-1;6.5;Rutile;U-Th-Pb;2029
198;Sarfartoq-464611;Greenland;-52.17303;66.51746;Perovskite;U-Th-Pb;587
199;Sarfanguaqland-01;Greenland;-53.4389;66.8583;Phlogopite/Biotite;Rb-Sr;587
200;Sarfartoq-265849;Greenland;-50.4787;66.71451;Perovskite;U-Th-Pb;586
202;Sarfartoq-464633;Greenland;-51.40207;66.69187;Perovskite;U-Th-Pb;585
204;66V230;Greenland;-51.271;66.531;Whole_Rock;K-Ar;584
206;Sarfartoq-444206;Greenland;-51.27723;66.70276;Perovskite;U-Th-Pb;581
207;Sarfartoq-491807;Greenland;-51.1809;66.30199;Perovskite;U-Th-Pb;581
208;Sarfartoq-491803;Greenland;-51.17703;66.30158;Perovskite;U-Th-Pb;580
209;Sarfartoq-491912;Greenland;-51.83967;66.40579;Perovskite;U-Th-Pb;579
210;Sarfartoq-477423;Greenland;-51.84825;66.40501;Perovskite;U-Th-Pb;579
211;Sarfartoq-472522;Greenland;-51.30607;66.20135;Perovskite;U-Th-Pb;575
214;Sarfartoq-444269;Greenland;-50.8093;66.17484;Perovskite;U-Th-Pb;571
219;Sarfartoq-444201;Greenland;-51.21449;66.80865;Perovskite;U-Th-Pb;566
220;Sarfartoq-464645;Greenland;-52.16332;66.74337;Perovskite;U-Th-Pb;566
221;Sarfartoq-472519;Greenland;-51.98354;66.37425;Perovskite;U-Th-Pb;562
222;Sarfartoq-483815;Greenland;-50.71418;66.38799;Perovskite;U-Th-Pb;551
531;Tikiusaaq-488548;Greenland;-49.60899;64.03706;Perovskite;U-Th-Pb;163
533;Tikiusaaq-488546;Greenland;-49.57308;64.02457;Perovskite;U-Th-Pb;161
537;Tikiusaaq-488520;Greenland;-49.87381;64.10581;Perovskite;U-Th-Pb;160
557;Bourou-10;Guinea;-9.3127;8.8208;Phlogopite;Ar-Ar;156
564;Droujba-01;Guinea;-9.0525;8.5781;Phlogopite;Ar-Ar;155
641;Banankoro-11;Guinea;-9.3133;9.168;Phlogopite;Ar-Ar;139
695;Baladou-01;Guinea;-9.56161;8.98105;Phlogopite;Ar-Ar;127
34;Kotakonda;India;77.68145;16.77325;Phlogopite/Biotite;K-Ar;1363
44;Basureddipalle;India;77.59161;16.72571;Perovskite;U-Th-Pb;1200
48;Himlapur;India;77.32709;16.84803;Phlogopite;Ar-Ar;1180
50;Gollapalle_West;India;77.6333;14.5139;Phlogopite;U-Th-Pb;1167
51;Wadagera;India;77.23461;16.65937;Phlogopite;Ar-Ar;1160
52;Himlapur;India;77.32709;16.84803;Phlogopite;Rb-Sr;1160
53;Chintalampalle;India;77.46443;15.0466;Phlogopite;Ar-Ar;1157
54;Maddur;India;77.59595;16.83943;Perovskite;U-Th-Pb;1156
58;Wajrakarur-02;India;77.2;14.9;Phlogopite/Biotite;K-Ar;1153
65;Kotakonda;India;77.68145;16.77325;Phlogopite;Ar-Ar;1144
66;Kim0046;India;77.10999;16.82606;Phlogopite;Ar-Ar;1143
68;Perapalli;India;77.50306;16.77092;Perovskite;U-Th-Pb;1141
69;Basureddipalle;India;77.59161;16.72571;Perovskite;U-Th-Pb;1140
70;Kim0046;India;77.10999;16.82606;Phlogopite;Rb-Sr;1140
71;Chigicherla-02;India;77.67978;14.52627;Perovskite;U-Th-Pb;1131
73;Nazarapur;India;77.39939;16.82692;Phlogopite;Ar-Ar;1129
75;Wajrakurur_East;India;77.40445;15.02285;Perovskite;U-Th-Pb;1129
76;Gollapalle_East;India;77.63612;14.51882;Perovskite;U-Th-Pb;1128
77;Wadagera;India;77.23461;16.65937;Phlogopite;Rb-Sr;1128
78;Gaddisugur;India;77.11787;16.66466;Phlogopite;Ar-Ar;1127
79;Gaddisugur;India;77.11787;16.66466;Phlogopite;Rb-Sr;1125
80;Kotakonda;India;77.68145;16.77325;Perovskite;U-Th-Pb;1125
81;Venkatampalli-07;India;77.3708;14.9333;Perovskite;U-Th-Pb;1125
82;Wajrakurur_East;India;77.40445;15.02285;Perovskite;U-Th-Pb;1124
84;Narayanpet-01;India;77.49727;16.77047;Perovskite;U-Th-Pb;1123
85;Belagera;India;77.11736;16.94503;Phlogopite;Rb-Sr;1120
86;Gollapalle_West;India;77.62129;14.51547;Perovskite;U-Th-Pb;1120
87;Tummatapalle;India;77.30205;14.84144;Perovskite;U-Th-Pb;1117
88;Wajrakarur-01;India;77.38725;15.03366;Whole_Rock+Mineral;Rb-Sr;1116
91;Muligiripalle-05;India;77.3083;14.85;Phlogopite;Ar-Ar;1113
93;Tummatapalle;India;77.30205;14.84144;Phlogopite;Rb-Sr;1111
95;Himlapur;India;77.32709;16.84803;Phlogopite;Ar-Ar;1109
96;Kalyandurg-03;India;76.96425;14.56546;Perovskite;U-Th-Pb;1109
97;Tummatapalle;India;77.30205;14.84144;Phlogopite;Ar-Ar;1105
99;Gollapalle_East;India;77.63612;14.51882;Perovskite;U-Th-Pb;1103
100;Gollapalle_West;India;77.62129;14.51547;Perovskite;U-Th-Pb;1101
102;551_081_X0001;India;77.39928;16.82201;Phlogopite;Ar-Ar;1098
103;551_081_X0099;India;77.42108;16.83367;Phlogopite;Ar-Ar;1098
104;Bewanahalli;India;77.31485;16.84027;Phlogopite;Ar-Ar;1098
105;Domargidda;India;77.4986;16.8181;Phlogopite;Ar-Ar;1098
106;Goudagera_Tanda;India;77.23461;16.65937;Phlogopite;Ar-Ar;1098
107;Gurmatkal;India;77.4333;16.8417;Phlogopite;Ar-Ar;1098
108;Lattavaram-03;India;77.2833;14.925;Perovskite;U-Th-Pb;1098
109;Mudalabad;India;77.50391;16.79588;Phlogopite;Rb-Sr;1098
110;Nazarapur;India;77.39939;16.82692;Phlogopite;Rb-Sr;1098
111;Putak;India;77.45681;16.82028;Phlogopite;Rb-Sr;1098
112;Sajanapur;India;77.4917;16.825;Phlogopite;Rb-Sr;1098
113;Shivapur;India;77.27379;16.86309;Phlogopite;Rb-Sr;1098
114;Udimilgidda;India;77.47557;16.81806;Phlogopite;Rb-Sr;1098
115;Yagapur;India;77.09407;16.90979;Phlogopite;Rb-Sr;1098
116;Yampahad;India;77.27883;16.84949;Phlogopite;Rb-Sr;1098
118;Gollapalle_East;India;77.63612;14.51882;Phlogopite;Rb-Sr;1094
119;Wajrakarur-02;India;77.2;14.9;Phlogopite;Rb-Sr;1094
120;Muligiripalle-05;India;77.3083;14.85;Phlogopite;Rb-Sr;1093
121;Siddanapalle_Tanda;India;77.55427;16.19094;Zircon;U-Th-Pb;1093
122;Siddanapalle_Tanda;India;77.55427;16.19094;Perovskite;U-Th-Pb;1093
123;Kottakunta;India;77.3708;15.0264;Phlogopite;Rb-Sr;1092
124;Anumapalle;India;77.50457;14.98968;Phlogopite;Rb-Sr;1091
125;Chintalampalle;India;77.4611;15.0389;Phlogopite;Rb-Sr;1091
126;Dibbasani;India;77.4708;14.9861;Phlogopite;Rb-Sr;1091
127;Lambadithanda;India;77.2917;14.9208;Phlogopite;Rb-Sr;1091
128;Venkatampalli-07;India;77.3708;14.9333;Phlogopite;Rb-Sr;1091
129;Wajrakarur-01;India;77.38725;15.03366;Phlogopite;Rb-Sr;1091
131;Maddur;India;77.59595;16.83943;Zircon;U-Th-Pb;1085
132;Abhangapur;India;77.6333;16.7639;Zircon;U-Th-Pb;1084
133;Bommanpahad;India;77.5833;16.7528;Zircon;U-Th-Pb;1084
134;Duppatghat;India;77.6889;16.8139;Zircon;U-Th-Pb;1084
135;Gokapasalwad;India;77.60407;16.95063;Zircon;U-Th-Pb;1084
136;Kazipur;India;77.5799;16.86846;Zircon;U-Th-Pb;1084
137;Koilkonda;India;77.57594;16.7819;Zircon;U-Th-Pb;1084
138;Kotakonda;India;77.68145;16.77325;Phlogopite;Rb-Sr;1084
139;Maddur-02;India;77.6439;16.83483;Zircon;U-Th-Pb;1084
140;Maddur-03;India;77.6306;16.8306;Zircon;U-Th-Pb;1084
141;Maddur-04;India;77.63095;16.83091;Zircon;U-Th-Pb;1084
142;Mominapur;India;77.6268;16.80381;Zircon;U-Th-Pb;1084
143;Narayanpet-01;India;77.49727;16.77047;Zircon;U-Th-Pb;1084
144;Perapalli;India;77.50306;16.77092;Zircon;U-Th-Pb;1084
145;Ramannapalle;India;77.6944;16.7708;Zircon;U-Th-Pb;1084
146;SW_Maddur;India;77.6505;16.8349;Zircon;U-Th-Pb;1084
147;Vinjamur;India;77.6861;16.7639;Zircon;U-Th-Pb;1084
149;Muligiripalle-05;India;77.3083;14.85;Perovskite;U-Th-Pb;1079
152;551_081_X0004;India;77.40913;16.82871;Phlogopite;Ar-Ar;1052
156;Lattavaram-03;India;77.2833;14.925;Phlogopite;K-Ar;968
157;Lattavaram-04;India;77.2917;14.942;Phlogopite;Sm-Nd;940
158;Jungel-01;India;82.7833;24.525;Whole_Rock;K-Ar;919
1012;Bahradih-01;India;82.20111;20.21575;Clinopyroxene;Ar-Ar;74
1013;Kodomali;India;82.23965;20.18946;Clinopyroxene;Ar-Ar;74
1014;Payalikhand_West;India;82.3333;20.1667;Clinopyroxene;Ar-Ar;74
1046;Bahradih-01;India;82.19933;20.215;Phlogopite;Ar-Ar;67
1050;Bahradih-01;India;82.19933;20.215;Perovskite;U-Th-Pb;65
1054;Kodomali;India;82.23787;20.18945;Phlogopite;Ar-Ar;64
1061;Kodomali;India;82.23787;20.18945;Perovskite;U-Th-Pb;62
588;Ramatselisos_Gate;Lesotho;28.9425;-30.0425;Zircon;U-Th-Pb;150
819;Matsoku;Lesotho;28.738;-29.067;Perovskite;U-Th-Pb;95
828;Kao;Lesotho;28.63;-29.026;Perovskite;U-Th-Pb;94
832;Lipelaneng_Area;Lesotho;29;-28.75;Perovskite;U-Th-Pb;94
841;Ngopetsoeu;Lesotho;27.6359;-29.2955;Perovskite;U-Th-Pb;92
846;Letseng_La_Terae_Satellite;Lesotho;28.867;-29.006;Perovskite;U-Th-Pb;92
852;Liqhobong;Lesotho;28.622;-28.985;Perovskite;U-Th-Pb;91
855;Letseng_La_Terae_Satellite;Lesotho;28.867;-29.006;Zircon;U-Th-Pb;91
872;Kao;Lesotho;28.63;-29.026;Whole_Rock;U-Th-Pb;89
873;Thabo_Putsoa-01;Lesotho;28.662;-28.914;Perovskite;U-Th-Pb;89
878;Kao;Lesotho;28.63;-29.026;Perovskite;U-Th-Pb;89
914;Mothae;Lesotho;28.834;-28.971;Zircon;U-Th-Pb;87
161;Weasua-K1;Liberia;-10.47825;7.2965;Phlogopite;Ar-Ar;841
169;Weasua-K2;Liberia;-10.47858;7.31289;Phlogopite;Ar-Ar;791
94;Sekonomata;Mali;-11.175;13.0083;Phlogopite/Biotite;Rb-Sr;1110
192;Kobato;Mali;-11.1417;12.9875;Phlogopite/Biotite;Rb-Sr;600
567;Rex-01;Mauritania;-8.8834;22.7668;Apatite;U-Th-Pb;154
636;TX3;Mozambique;35.02058;-12.55835;Phlogopite;Rb-Sr;140
637;TX3;Mozambique;35.02017;-12.55809;Phlogopite;Rb-Sr;139
234;Vredenhof-03;Namibia;18.8597;-27.6233;Phlogopite/Biotite;Rb-Sr;541
239;Ondermatje-01;Namibia;19.4375;-28.3625;Perovskite;U-Th-Pb;538
253;Ondermatje-01;Namibia;19.4375;-28.3625;Phlogopite/Biotite;Rb-Sr;525
255;Uitkomst-04;Namibia;18.9106;-27.7161;Phlogopite/Biotite;Ar-Ar;524
263;Uitkomst-05;Namibia;18.9175;-27.7089;Phlogopite/Biotite;Ar-Ar;514
270;Ondermatje-01;Namibia;19.4375;-28.3625;Phlogopite/Biotite;Rb-Sr;507
276;Grunau_SW16;Namibia;18.2;-27.95;Whole_Rock;K-Ar;500
304;Jericho-01;Namibia;19.7819;-28.3153;Perovskite;U-Th-Pb;440
322;Onverwag-01;Namibia;18.1481;-27.7017;Whole_Rock;K-Ar;392
388;Grabwasser-02;Namibia;18.2653;-27.6492;Whole_Rock;K-Ar;317
389;Nakop;Namibia;19.95;-28.0667;Perovskite;U-Th-Pb;314
734;Berseba_Reserve-12;Namibia;17.6778;-25.6792;Whole_Rock;K-Ar;116
991;Berseba_Reserve-06;Namibia;17.5725;-25.7192;Whole_Rock+Mineral;Rb-Sr;78
999;Anis_Kuibub;Namibia;17.8147;-24.9806;Phlogopite/Biotite;Rb-Sr;76
1000;Jericho-01;Namibia;19.7819;-28.3153;Phlogopite/Biotite;Rb-Sr;76
1020;Gibeon_Reserve-03;Namibia;17.8011;-24.9931;Whole_Rock+Mineral;Rb-Sr;73
1025;Berseba_Reserve-01;Namibia;17.5581;-25.6856;Whole_Rock+Mineral;Rb-Sr;72
1026;Berseba_Reserve-10;Namibia;17.5364;-25.6744;Whole_Rock+Mineral;Rb-Sr;72
1027;Hanaus-01;Namibia;17.7089;-25.2392;Whole_Rock+Mineral;Rb-Sr;72
1047;Deutsche_Erde-01;Namibia;17.7403;-25.4811;Zircon;U-Th-Pb;67
1055;Rietkuil-02;Namibia;17.5997;-25.0817;Whole_Rock;Rb-Sr;64
1065;Mukorob-01;Namibia;18.1622;-25.4861;Zircon;U-Th-Pb;61
1066;Stolzenfels-01;Namibia;19.675;-28.4889;Perovskite;U-Th-Pb;61
1077;Uitkoms-04;Namibia;16.4111;-24.8694;Phlogopite/Biotite;Rb-Sr;59
1092;Zaris-01;Namibia;16.4058;-24.9058;Phlogopite/Biotite;Rb-Sr;55
12;Kimozero-01;Russia;35.1124;62.3829;Zircon;U-Th-Pb;1986
13;Kimozero;Russia;35.1124;62.3829;Zircon;U-Th-Pb;1919
20;Shchorskaya;Russia;33.6607;48.3913;Phlogopite;Ar-Ar;1743
181;Leningradskaya;Russia;112.6767;66.3087;Zircon;U-Th-Pb;670
195;Lomonovskaya;Russia;41.0673;65.3678;Clinopyroxene;Ar-Ar;591
227;Grib;Russia;41.4263;65.5066;Phlogopite;Ar-Ar;550
281;Pomorskaya;Russia;41.0849;65.3476;Perovskite;U-Th-Pb;490
282;Amakinskaya;Russia;113.774;62.4369;Zircon;Fission_Track;486
289;Podsnezhnaya;Russia;119.2976;70.2278;Zircon;Fission_Track;475
307;XXIII_Sezda_KPSS;Russia;113.7886;62.4505;Zircon;Fission_Track;433
308;Aerogeologicheskaya;Russia;119.049;69.1069;Phlogopite/Biotite;Rb-Sr;432
310;Anomaly-05;Russia;116.5154;69.0249;Zircon;U-Th-Pb;430
311;Flogopitovaya;Russia;119.6353;69.8;Phlogopite/Biotite;Rb-Sr;428
312;Anomaly-152;Russia;117.2793;69.0344;Zircon;U-Th-Pb;420
313;Babye_Leto;Russia;116.8042;69.1258;Zircon;U-Th-Pb;420
314;Ukukit;Russia;116.9091;68.7957;Zircon;U-Th-Pb;420
315;Perevalnaya_II;Russia;117.1696;68.4571;Phlogopite/Biotite;Rb-Sr;405
317;Vostok-06;Russia;119.9369;70.0771;Phlogopite/Biotite;Rb-Sr;400
318;Belka;Russia;120.0244;70.0004;Phlogopite/Biotite;Rb-Sr;397
319;Tayozhnaya;Russia;113.7478;62.3726;Zircon;Fission_Track;397
321;Operyayuschaya;Russia;119.9807;69.9914;Phlogopite/Biotite;Rb-Sr;394
323;Letnyaya_Z;Russia;112.7255;66.4149;Zircon;Fission_Track;392
325;Pionerskaya;Russia;41.0533;65.3271;Clinopyroxene;Ar-Ar;390
327;Nemagnitnaya;Russia;119.3289;70.2166;Zircon;Fission_Track;387
329;Kollektivnaya;Russia;111.4462;66.1969;Zircon;Fission_Track;385
331;Yuzhnaya;Russia;37.9292;47.5899;Whole_Rock+Mineral;Rb-Sr;385
332;Vovolaspynskaya-01;Russia;37.89;47.5982;Whole_Rock+Mineral;Rb-Sr;383
335;Snezhinka;Russia;116.8798;68.3648;Phlogopite/Biotite;Rb-Sr;381
336;Turisticheskaya;Russia;117.5;70;Phlogopite/Biotite;Rb-Sr;381
338;Botuobinskaya;Russia;116.95;65.15;Phlogopite;Ar-Ar;380
339;Nyurbinskaya;Russia;116.9726;65.2102;Phlogopite;Ar-Ar;380
340;Operatorskaya-02;Russia;119.999;70.0254;Phlogopite/Biotite;Rb-Sr;380
342;Chomur;Russia;116.7477;68.2982;Zircon;Fission_Track;377
343;Operatorskaya-01;Russia;119.9837;70.0039;Phlogopite/Biotite;Rb-Sr;377
345;Perm;Russia;112.5705;70.3324;Phlogopite/Biotite;Rb-Sr;376
346;Kosmos;Russia;119.905;70.0066;Phlogopite/Biotite;Rb-Sr;375
347;Perevalnaya_III;Russia;117.1706;68.4442;Phlogopite/Biotite;Rb-Sr;375
348;Rassvet;Russia;117.5;68;Zircon;Fission_Track;374
349;Udachnaya;Russia;112.3147;66.4445;Phlogopite/Biotite;Rb-Sr;373
350;Grib;Russia;41.4263;65.5066;Phlogopite/Biotite;Rb-Sr;372
351;Zagadochnaya-1&2;Russia;112.2136;66.2193;Zircon;Fission_Track;370
352;Internatsionalnaya;Russia;113.7185;62.4535;Zircon;Fission_Track;368
353;Svetlaya;Russia;111.463;66.2001;Zircon;Fission_Track;368
355;Mir;Russia;114.0217;62.53;Phlogopite/Biotite;Rb-Sr;367
356;Udachnaya;Russia;112.3147;66.4445;Perovskite;U-Th-Pb;367
357;Vympel;Russia;113.8053;68.6985;Zircon;Fission_Track;367
358;Iskorka;Russia;111.3768;66.1888;Zircon;Fission_Track;363
359;325_Let_Yakutii;Russia;114.7151;67.1915;Zircon;Fission_Track;362
360;Suvenir;Russia;111.5034;65.901;Perovskite;U-Th-Pb;362
361;Amakinskaya;Russia;113.774;62.4369;Rutile;U-Th-Pb;361
363;Aerosyomochnaya;Russia;112.4057;66.345;Perovskite;U-Th-Pb;359
364;Poiskovaya-01;Russia;120.9993;70.6318;Perovskite;U-Th-Pb;359
365;Dachnaya;Russia;113.985;62.4687;Zircon;Fission_Track;358
366;Druzhba;Russia;116.1529;68.1877;Perovskite;U-Th-Pb;358
367;Yubileynaya;Russia;111.2196;66.0092;Zircon;U-Th-Pb;358
368;Komsomolskaya;Russia;111.6936;66.0203;Phlogopite;Rb-Sr;357
369;Polyarnaya;Russia;112.5014;66.4466;Perovskite;U-Th-Pb;357
370;Tayozhnaya;Russia;113.7478;62.3726;Titanite;U-Th-Pb;357
371;Zarnitsa;Russia;112.6688;66.4365;Perovskite;U-Th-Pb;357
372;Yubileynaya;Russia;111.2196;66.0092;Perovskite;U-Th-Pb;356
373;Dalnaya;Russia;112.4818;66.2337;Perovskite;U-Th-Pb;355
374;Novinka;Russia;114.67;67.2013;Perovskite;U-Th-Pb;355
375;Sytykanskaya;Russia;111.6758;66.1782;Perovskite;U-Th-Pb;349
376;Svetlaya;Russia;116.7594;68.2832;Zircon;U-Th-Pb;344
377;Malvina;Russia;119.3246;70.1467;Phlogopite/Biotite;Rb-Sr;341
378;Udachnaya;Russia;112.3147;66.4445;Phlogopite/Biotite;Rb-Sr;339
380;Pero;Russia;119.3463;70.137;Phlogopite/Biotite;Rb-Sr;332
382;Mastakhskaya;Russia;112.6112;66.4159;Zircon;Fission_Track;329
383;Bezymyannaya-01;Russia;120.6363;70.0051;Phlogopite/Biotite;Rb-Sr;326
385;Karpinsky-I;Russia;41.0225;65.3025;Kelyphite_after_Garnet;Ar-Ar;323
390;Karpinsky-II;Russia;41.0318;65.3048;Clinopyroxene;Ar-Ar;305
415;Ulakhan_Luchakan;Russia;115.0936;68.9666;Perovskite;U-Th-Pb;245
427;Universiteitskaya;Russia;113.8292;68.7327;Zircon;Fission_Track;238
434;Pozdnyaya;Russia;112.5;70;Zircon;Fission_Track;236
442;Dyuimovochka-2;Russia;Perovskite;U-Th-Pb;229;0;0
447;Khatyryk-3;Russia;Perovskite;U-Th-Pb;224;0;0
448;Malo_Kuonamskaya;Russia;113.4576;68.9067;Zircon;Fission_Track;223
478;S1-dyke;Russia;Perovskite;U-Th-Pb;193;0;0
479;S1-stock;Russia;Perovskite;U-Th-Pb;193;0;0
484;Evrika;Russia;112.5526;66.4062;Phlogopite/Biotite;Rb-Sr;186
518;Marichka;Russia;117.5;70;Zircon;Fission_Track;171
525;Montichellitovaya;Russia;117.5;70;Perovskite;U-Th-Pb;170
529;Irina;Russia;121.1351;70.7726;Zircon;Fission_Track;165
532;Slyudyanka;Russia;120.7761;70.6891;Perovskite;U-Th-Pb;161
535;Otkrytaya;Russia;121.1158;70.5114;Perovskite;U-Th-Pb;160
536;Ruslovaya;Russia;120.5702;70.5267;Phlogopite/Biotite;Rb-Sr;160
540;Velikan-02;Russia;120.5648;70.544;Perovskite;U-Th-Pb;159
544;Zhila;Russia;121.4022;70.5823;Zircon;Fission_Track;158
547;Dyanga;Russia;121.417;70.5414;Phlogopite;Rb-Sr;157
548;Pyatnitsa;Russia;120.726;70.6696;Zircon;Fission_Track;157
568;Muza;Russia;121.1477;70.7892;Zircon;Fission_Track;154
573;Tokur;Russia;121.1464;70.7804;Zircon;Fission_Track;153
580;Obnazhyonnaya;Russia;120.5271;70.5327;Phlogopite/Biotite;Rb-Sr;152
581;Polyarnaya;Russia;112.5014;66.4466;Phlogopite/Biotite;Rb-Sr;152
589;Khrizolitovaya;Russia;117.5;70;Zircon;Fission_Track;150
596;Murun-01;Russia;119.08875;58.35453;Phlogopite/Biotite;Rb-Sr;149
598;Montichellitovaya;Russia;117.5;70;Perovskite;U-Th-Pb;148
604;Slyudyanka;Russia;120.7761;70.6891;Zircon;Fission_Track;147
691;Velikan-01;Russia;120.5531;70.5409;Perovskite;U-Th-Pb;128
704;Molodo;Russia;117.5;70;Zircon;Fission_Track;125
19;Zero;South_Africa;23.72145;-27.28217;Perovskite;U-Th-Pb;1835
21;Helpmekaar_Gr;South_Africa;23.59735;-27.55156;Perovskite;U-Th-Pb;1705
22;Bathlaros;South_Africa;23.31704;-27.29467;Whole_Rock+Mineral;Rb-Sr;1695
23;Elston-01;South_Africa;23.621;-27.219;Perovskite;U-Th-Pb;1674
24;Elston-01;South_Africa;23.621;-27.219;Phlogopite/Biotite;Rb-Sr;1674
26;Bathlaros;South_Africa;23.31704;-27.29467;Perovskite;U-Th-Pb;1647
27;Zero;South_Africa;23.72145;-27.28217;Phlogopite;Ar-Ar;1643
29;White_Ladies;South_Africa;23.866;-27.268;Perovskite;U-Th-Pb;1626
41;Helpmekaar_Gr;South_Africa;23.59735;-27.55156;Perovskite;U-Th-Pb;1303
43;Ngulube-01;South_Africa;28.0116;-21.4831;Zircon;U-Th-Pb;1217
46;Goudini;South_Africa;26.2;-25.2833;Whole_Rock;Sm-Nd;1190
49;Premier;South_Africa;28.5153;-25.6736;Clinopyroxene;Rb-Sr;1180
55;Mwenezi-01;South_Africa;30.6425;-21.5942;Phlogopite/Biotite;Rb-Sr;1156
56;National;South_Africa;28.5247;-25.7583;Phlogopite/Biotite;Rb-Sr;1155
57;Premier;South_Africa;28.5153;-25.6736;Perovskite;U-Th-Pb;1154
60;Premier;South_Africa;28.5153;-25.6736;Perovskite;U-Th-Pb;1151
61;Premier;South_Africa;28.5153;-25.6736;Perovskite;U-Th-Pb;1150
63;National;South_Africa;28.5247;-25.7583;Perovskite;U-Th-Pb;1149
74;Mwenezi-01;South_Africa;30.6425;-21.5942;Perovskite;U-Th-Pb;1129
89;Mwenezi-05;South_Africa;30.6486;-21.5777;Perovskite;U-Th-Pb;1115
92;Mwenezi-04;South_Africa;30.6516;-21.5752;Perovskite;U-Th-Pb;1112
150;Premier;South_Africa;28.5153;-25.6736;Perovskite;U-Th-Pb;1078
159;Triangle-05;South_Africa;31.08847;-21.20494;Kelyphite_after_Garnet;Ar-Ar;886
167;Schuller-01;South_Africa;28.5303;-25.76088;Perovskite;U-Th-Pb;799
173;Prospect-01;South_Africa;28.89168;-19.78978;Phlogopite;Ar-Ar;750
180;Mwenezi-02;South_Africa;30.6475;-21.5793;Phlogopite;Ar-Ar;670
187;Dartmouth;South_Africa;28.3191;-22.99937;Perovskite;U-Th-Pb;634
189;Venetia-02;South_Africa;29.31643;-22.43211;Perovskite;U-Th-Pb;631
193;Wessels;South_Africa;28.96731;-19.8114;Phlogopite;Ar-Ar;600
205;Beitbridge-01;South_Africa;29.8808;-22.17;Perovskite;U-Th-Pb;583
213;Venetia-01;South_Africa;29.3214;-22.434;Perovskite;U-Th-Pb;572
226;Mbizi-02;South_Africa;31.0695;-21.1683;Phlogopite;Ar-Ar;550
229;Venetia-13;South_Africa;29.3252;-22.4341;Perovskite;U-Th-Pb;549
232;Mbizi-02;South_Africa;31.0695;-21.1683;Clinopyroxene;Ar-Ar;542
235;Colossus;South_Africa;28.87624;-19.79117;Perovskite;U-Th-Pb;540
236;Venetia-01;South_Africa;29.3214;-22.434;Perovskite;U-Th-Pb;540
238;Sese-01;South_Africa;30.6705;-20.5006;Phlogopite/Biotite;Rb-Sr;538
241;Mwenezi-01;South_Africa;30.6425;-21.5942;Clinopyroxene;Ar-Ar;536
244;Beitbridge-01;South_Africa;29.8808;-22.17;Clinopyroxene;Ar-Ar;535
245;Beitbridge-01;South_Africa;29.8808;-22.17;Phlogopite;Ar-Ar;535
246;Venetia-04;South_Africa;29.32903;-22.43501;Whole_Rock+Mineral;Rb-Sr;533
251;Colossus;South_Africa;28.87624;-19.79117;Phlogopite;Ar-Ar;529
252;Mooikloof;South_Africa;28.258;-22.94657;Phlogopite/Biotite;Rb-Sr;528
254;Venetia-03;South_Africa;29.31303;-22.42941;Perovskite;U-Th-Pb;525
258;Mooikloof;South_Africa;28.2583;-22.9458;Perovskite;U-Th-Pb;522
259;Venetia-07;South_Africa;29.31703;-22.43561;Perovskite;U-Th-Pb;522
260;Mooikloof;South_Africa;28.2583;-22.9458;Perovskite;U-Th-Pb;521
261;Mooikloof;South_Africa;28.2583;-22.9458;Phlogopite/Biotite;Rb-Sr;520
262;Venetia-01;South_Africa;29.32113;-22.43481;Phlogopite/Biotite;Ar-Ar;519
265;The_Oaks;South_Africa;28.3186;-22.95437;Kelyphite_after_Garnet;Ar-Ar;512
266;Venetia-01;South_Africa;29.3214;-22.434;Phlogopite/Biotite;Rb-Sr;511
268;The_Oaks;South_Africa;28.3186;-22.95437;Phlogopite/Biotite;Rb-Sr;509
269;The_Oaks;South_Africa;28.3186;-22.95437;Phlogopite/Biotite;Rb-Sr;508
271;The_Oaks;South_Africa;28.3186;-22.95437;Phlogopite/Biotite;Ar-Ar;507
272;Colossus;South_Africa;28.87624;-19.79117;Phlogopite/Biotite;Rb-Sr;502
273;Colossus;South_Africa;28.87624;-19.79117;Phlogopite/Biotite;Rb-Sr;502
277;Dartmouth;South_Africa;28.3191;-22.99937;Phlogopite/Biotite;Rb-Sr;500
278;Murowa;South_Africa;30.3983;-20.4749;Zircon;U-Th-Pb;500
280;The_Oaks;South_Africa;28.3189;-22.9536;Phlogopite/Biotite;Rb-Sr;493
309;Mbizi-02;South_Africa;31.0695;-21.1683;Kelyphite_after_Garnet;Ar-Ar;431
354;Hardie;South_Africa;20.7889;-32.5128;Perovskite;U-Th-Pb;367
381;Hartebeesfontein;South_Africa;29.3193;-24.2214;Clinopyroxene;Ar-Ar;330
459;Palmietgat_Central;South_Africa;28.3769;-25.1053;Phlogopite/Biotite;Ar-Ar;210
466;Ontevreden;South_Africa;26.7417;-25.41;Phlogopite;Ar-Ar;204
469;Malgas;South_Africa;29.2388;-24.5006;Clinopyroxene;Ar-Ar;200
470;X096;South_Africa;26.6741;-24.6066;Phlogopite;Ar-Ar;200
477;Clarkton;South_Africa;29.3578;-30.0061;Zircon;U-Th-Pb;194
493;Markt_Gr;South_Africa;22.3652;-30.2555;Phlogopite/Biotite;Ar-Ar;181
497;Marondera-01;South_Africa;31.39;-17.9013;Amphibole;Ar-Ar;179
498;Droogfontein-01;South_Africa;22.26919;-31.64742;Phlogopite/Biotite;Rb-Sr;178
528;Palmietgat_Central;South_Africa;28.3769;-25.1053;Perovskite;U-Th-Pb;165
534;Frischgewaagd;South_Africa;29.3399;-24.2328;Phlogopite;Ar-Ar;160
539;Klipfontein-03;South_Africa;24.0972;-28.4041;Whole_Rock+Mineral;Rb-Sr;159
543;Palmietgat_West;South_Africa;28.3672;-25.10672;Perovskite;U-Th-Pb;158
545;Palmietgat_Central;South_Africa;28.3769;-25.1053;Phlogopite;Ar-Ar;157
546;X081;South_Africa;26.7554;-24.5686;Phlogopite;Ar-Ar;157
562;Marsfontein-M1;South_Africa;29.2921;-24.2404;Phlogopite;Ar-Ar;155
572;Zeekoegat-01;South_Africa;27.39157;-25.25281;Perovskite;U-Th-Pb;153
579;Mzongwana;South_Africa;29;-30.1111;Phlogopite/Biotite;Rb-Sr;152
595;X061;South_Africa;27.5024;-24.186;Phlogopite;Ar-Ar;149
608;Koidu_Pipe-02;South_Africa;-10.965;8.6333;Phlogopite;Ar-Ar;146
609;Markt_Gr;South_Africa;22.3652;-30.2555;Perovskite;U-Th-Pb;146
626;Koidu_Pipe-01;South_Africa;-10.9722;8.6311;Phlogopite;Ar-Ar;143
627;Melton_Wold;South_Africa;22.7397;-31.5019;Perovskite;U-Th-Pb;143
633;Skietkop;South_Africa;22.8072;-31.4992;Perovskite;U-Th-Pb;140
634;Tongu_Panguma_Dykes;South_Africa;-11.0833;8.2167;Phlogopite;K-Ar;140
642;Taaiboschkuil;South_Africa;26.5544;-25.1767;Phlogopite/Biotite;Ar-Ar;139
648;Syferfontein;South_Africa;26.5005;-25.8122;Phlogopite/Biotite;Rb-Sr;138
654;Rietfontein;South_Africa;26.8361;-26.7417;Perovskite;U-Th-Pb;135
690;De_Paarl;South_Africa;26.7722;-24.9111;Phlogopite/Biotite;Rb-Sr;129
711;Welgevonden-01;South_Africa;22.9114;-30.09;Whole_Rock+Mineral;Rb-Sr;122
719;Bon_Ami;South_Africa;25.19679;-29.32006;Perovskite;U-Th-Pb;120
722;Jonkerwater-01;South_Africa;22.6361;-30.1778;Whole_Rock+Mineral;Rb-Sr;119
725;Jonkerwater-01;South_Africa;22.6361;-30.1778;Perovskite;U-Th-Pb;118
726;Middlewater-01;South_Africa;22.7544;-30.1694;Whole_Rock+Mineral;Rb-Sr;118
729;Kalkput;South_Africa;22.7639;-30.4478;Zircon;U-Th-Pb;117
730;Mayeng-01;South_Africa;24.6361;-28.15;Phlogopite;Rb-Sr;117
731;Shylock;South_Africa;27.06046;-25.54779;Perovskite;U-Th-Pb;117
735;Sweetput_Soutput_Gr;South_Africa;23.5042;-30.2506;Whole_Rock+Mineral;Rb-Sr;116
736;Mpulis_Well;South_Africa;24.6861;-28.1514;Perovskite;U-Th-Pb;115
739;Witberg;South_Africa;22.3454;-29.1852;Phlogopite/Biotite;Rb-Sr;114
743;Dutoitspan-01;South_Africa;24.7989;-28.7604;Phlogopite/Biotite;Rb-Sr;112
744;Longlands;South_Africa;24.3889;-28.4267;Zircon;U-Th-Pb;112
747;Koffiefontein;South_Africa;24.9925;-29.4168;Perovskite;U-Th-Pb;111
750;Eendekuil;South_Africa;20.9364;-32.2447;Phlogopite/Biotite;Rb-Sr;109
751;Morester_NE;South_Africa;24.5136;-28.1681;Perovskite;U-Th-Pb;109
756;Ebenhaezer;South_Africa;24.98808;-29.40945;Perovskite;U-Th-Pb;105
757;Koppieskraal-03;South_Africa;18.46019;-29.9478;Perovskite;U-Th-Pb;105
759;Tembani_Ranch;South_Africa;31.7478;-28.6339;Perovskite;U-Th-Pb;104
762;Emtilombo;South_Africa;31.5417;-28.85;Perovskite;U-Th-Pb;103
763;Pampoenpoort_Gr;South_Africa;22.7156;-31.1017;Whole_Rock+Mineral;Rb-Sr;103
765;Uintjiesberg_Gr;South_Africa;22.5392;-30.8183;Zircon;U-Th-Pb;102
766;X085;South_Africa;24.0236;-28.4583;Perovskite;U-Th-Pb;102
773;Klein_Arendskraal;South_Africa;24.6186;-30.3317;Perovskite;U-Th-Pb;101
774;Uintjiesberg_Gr;South_Africa;22.5392;-30.8183;Whole_Rock+Mineral;Rb-Sr;101
775;Ebenhaezer;South_Africa;24.98808;-29.40945;Perovskite;U-Th-Pb;101
781;X085;South_Africa;24.02396;-28.4611;Perovskite;U-Th-Pb;100
782;Kaalvallei_Gr;South_Africa;26.82881;-28.03544;Perovskite;U-Th-Pb;100
791;Palmietgat_Central;South_Africa;28.3769;-25.1053;Perovskite;U-Th-Pb;99
800;Klipfontein-07;South_Africa;24.981;-29.3959;Perovskite;U-Th-Pb;97
801;Uintjiesberg_Gr;South_Africa;22.5392;-30.8183;Perovskite;U-Th-Pb;97
808;Witpoort;South_Africa;26.6181;-26.7528;Perovskite;U-Th-Pb;96
815;Goedgevonden;South_Africa;26.7556;-26.6736;Perovskite;U-Th-Pb;95
816;Koidu_Yengema_Dykes;South_Africa;-10.9833;8.6333;Phlogopite/Biotite;Rb-Sr;95
818;Jagersfontein;South_Africa;25.419;-29.7623;Perovskite;U-Th-Pb;95
822;Bluegum;South_Africa;26.93464;-28.03131;Perovskite;U-Th-Pb;94
829;Leicester;South_Africa;24.6528;-28.3708;Zircon;U-Th-Pb;94
834;Leicester;South_Africa;24.6528;-28.3708;Perovskite;U-Th-Pb;93
847;Kaalvallei_Gr;South_Africa;26.82881;-28.03544;Zircon;U-Th-Pb;92
848;Kaalvallei_Gr;South_Africa;26.82881;-28.03544;Zircon;U-Pb;92
849;Palmietfontein-01;South_Africa;26.9558;-25.3058;Zircon;U-Th-Pb;92
850;Wolfkraal-01;South_Africa;18.50408;-30.99964;Perovskite;U-Th-Pb;92
851;Wesselton;South_Africa;24.8298;-28.7697;Perovskite;U-Th-Pb;92
856;Elbrinxen;South_Africa;27.07156;-26.87941;Perovskite;U-Th-Pb;91
857;Jaagfontein-01;South_Africa;24.2594;-31.0047;Phlogopite/Biotite;Rb-Sr;91
858;Jagersfontein;South_Africa;25.419;-29.7623;Phlogopite/Biotite;Ar-Ar;91
859;Rietfontein;South_Africa;26.8361;-26.7417;Whole_Rock+Mineral;Rb-Sr;91
860;Wesselton;South_Africa;24.8298;-28.7697;Perovskite;U-Th-Pb;91
861;Wesselton;South_Africa;24.8298;-28.7697;Perovskite;U-Th-Pb;91
863;X088;South_Africa;24.03146;-28.4282;Perovskite;U-Th-Pb;91
864;Koffiefontein;South_Africa;24.9925;-29.4168;Zircon;U-Th-Pb;90
866;Monastery;South_Africa;27.4222;-28.8111;Phlogopite/Biotite;K-Ar;90
867;Wesselton;South_Africa;24.8298;-28.7697;Perovskite;U-Th-Pb;90
868;Wesselton;South_Africa;24.8298;-28.7697;Perovskite;U-Th-Pb;90
869;Boschkop;South_Africa;24.76487;-30.42029;Perovskite;U-Th-Pb;90
871;Barkly_Commonage-02;South_Africa;24.483;-28.532;Zircon;U-Th-Pb;89
874;Vaal_Dam-01;South_Africa;28.2781;-26.8914;Phlogopite/Biotite;Rb-Sr;89
875;Wesselton;South_Africa;24.8298;-28.7697;Perovskite;U-Th-Pb;89
876;Wesselton;South_Africa;24.8298;-28.7697;Perovskite;U-Th-Pb;89
879;Monastery;South_Africa;27.4222;-28.8111;Perovskite;U-Th-Pb;89
880;X087;South_Africa;24.04786;-28.4351;Perovskite;U-Th-Pb;89
881;Monastery;South_Africa;27.4222;-28.8111;Zircon;U-Th-Pb;88
883;Monastery;South_Africa;27.4222;-28.8111;Phlogopite;Rb-Sr;88
893;Benfontein;South_Africa;24.83591;-28.81856;Perovskite;U-Th-Pb;88
894;De_Beers;South_Africa;24.7764;-28.7389;Phlogopite/Biotite;Rb-Sr;88
895;Dutoitspan-01;South_Africa;24.7989;-28.7604;Phlogopite/Biotite;Rb-Sr;88
896;President_Steyn;South_Africa;26.79184;-28.02684;Phlogopite/Biotite;Rb-Sr;88
899;Buffelsboutfontein;South_Africa;25.55926;-29.83796;Perovskite;U-Th-Pb;88
903;De_Beers;South_Africa;24.7764;-28.7389;Perovskite;U-Th-Pb;87
915;Kamfersdam_Gr;South_Africa;24.72525;-28.69196;Zircon;U-Th-Pb;87
916;Kimberley;South_Africa;24.7525;-28.7406;Phlogopite/Biotite;Rb-Sr;87
917;Wesselton;South_Africa;24.8298;-28.7697;Perovskite;U-Th-Pb;87
919;Free_State_Saaiplaas;South_Africa;26.83615;-28.03539;Whole_Rock+Mineral;Rb-Sr;87
925;Benfontein;South_Africa;24.83591;-28.81856;Perovskite;U-Th-Pb;86
926;Benfontein;South_Africa;24.83591;-28.81856;Phlogopite/Biotite;Rb-Sr;86
927;Bodabeep;South_Africa;18.39018;-29.8522;Perovskite;U-Th-Pb;86
928;Erasmushope;South_Africa;25.155;-29.2261;Phlogopite/Biotite;Rb-Sr;86
929;Jagersfontein;South_Africa;25.419;-29.7623;Phlogopite/Biotite;Rb-Sr;86
930;Leicester;South_Africa;24.6528;-28.3708;Phlogopite/Biotite;Rb-Sr;86
938;Goedgevonden;South_Africa;26.7556;-26.6736;Perovskite;U-Th-Pb;85
939;Kaalvallei_Gr;South_Africa;26.82881;-28.03544;Whole_Rock+Mineral;Rb-Sr;85
940;Vaal_Dam-01;South_Africa;28.2781;-26.8914;Perovskite;U-Th-Pb;85
941;Russell;South_Africa;24.49647;-28.5393;Zircon;U-Th-Pb;85
943;Roodepan-01;South_Africa;24.69779;-28.6551;Zircon;U-Th-Pb;85
944;Phoenix-01;South_Africa;24.78068;-28.5298;Zircon;U-Th-Pb;84
949;Bultfontein-01;South_Africa;24.7916;-28.7693;Phlogopite/Biotite;Rb-Sr;84
950;Dutoitspan-01;South_Africa;24.7989;-28.7604;Zircon;U-Th-Pb;84
954;De_Beers;South_Africa;24.7764;-28.7389;Perovskite;U-Th-Pb;83
955;Free_State_Saaiplaas;South_Africa;26.83615;-28.03539;Perovskite;U-Th-Pb;82
958;Abbotsford_Gr;South_Africa;28.833;-30.467;Perovskite;U-Th-Pb;82
959;Beyersfontein;South_Africa;22.5394;-31.0342;Zircon;U-Th-Pb;82
961;Andriesfontein;South_Africa;24.61037;-30.95966;Perovskite;U-Th-Pb;82
962;Goedehoop;South_Africa;24.41236;-30.82807;Perovskite;U-Th-Pb;82
966;Emtilombo;South_Africa;31.5417;-28.85;Phlogopite/Biotite;Rb-Sr;81
967;Klein_Arendskraal;South_Africa;24.6186;-30.3317;Phlogopite/Biotite;Rb-Sr;81
968;Koppieskraal-02;South_Africa;18.46019;-29.9478;Perovskite;U-Th-Pb;81
969;Wesselton;South_Africa;24.8298;-28.7697;Phlogopite/Biotite;Rb-Sr;81
975;Mckenzies_Post-01;South_Africa;22.2806;-26.4683;Zircon;U-Th-Pb;80
976;Tembani_Ranch;South_Africa;31.7478;-28.6339;Phlogopite/Biotite;Rb-Sr;80
983;Erasmushope;South_Africa;25.155;-29.2261;Phlogopite/Biotite;Rb-Sr;79
986;Hoedkop;South_Africa;18.6933;-29.28753;Perovskite;U-Th-Pb;79
988;Biesjes_Fontein-01;South_Africa;17.9658;-30.9842;Perovskite;U-Th-Pb;78
992;Vetlaagte;South_Africa;24.0922;-30.6614;Perovskite;U-Th-Pb;78
994;Swartheuvel_Gr;South_Africa;18.4319;-29.8611;Whole_Rock;K-Ar;77
998;Hebron_Gr;South_Africa;22.56;-31.265;Perovskite;U-Th-Pb;76
1001;Hardie;South_Africa;20.7889;-32.5128;Whole_Rock;K-Ar;76
1003;Morester-02;South_Africa;26.63294;-26.62552;Perovskite;U-Th-Pb;75
1006;Hartebeesfontein;South_Africa;29.31903;-24.22208;Phlogopite/Biotite;Rb-Sr;75
1007;Saltpetrekop;South_Africa;20.8428;-32.4731;Phlogopite/Biotite;K-Ar;75
1009;Nouzees-01;South_Africa;19.52642;-29.21134;Perovskite;U-Th-Pb;74
1015;Britstown_Gr;South_Africa;23.5006;-30.59;Whole_Rock+Mineral;Rb-Sr;74
1016;Hebron_Gr;South_Africa;22.56;-31.265;Whole_Rock+Mineral;Rb-Sr;74
1021;Lekkerfontein;South_Africa;24.63627;-30.3461;Perovskite;U-Th-Pb;73
1028;Rietfontein;South_Africa;20.0383;-26.7456;Zircon;U-Th-Pb;72
1038;Riembreek;South_Africa;18.4247;-30.1194;Zircon;U-Th-Pb;69
1040;Sutherland_Commonage;South_Africa;20.6447;-32.3897;Perovskite;U-Th-Pb;68
1042;Bok_Puts_Gr;South_Africa;18.4628;-30.1872;Zircon;U-Th-Pb;68
1043;Lushof_Gr;South_Africa;23.0164;-30.7983;Zircon;U-Th-Pb;68
1048;Sutherland_Commonage;South_Africa;20.6447;-32.3897;Perovskite;U-Th-Pb;66
1049;Sutherland_Commonage;South_Africa;20.6447;-32.3897;Whole_Rock+Mineral;Rb-Sr;66
1056;Robertson;South_Africa;19.9931;-33.8783;Whole_Rock;K-Ar;64
1059;Melkfontein;South_Africa;29.0769;-30.5003;Zircon;U-Th-Pb;63
1060;Spiegel_River;South_Africa;21.0647;-34.0378;Whole_Rock;K-Ar;63
1062;Platbakkies;South_Africa;18.4808;-30.28;Zircon;Fission_Track;62
1067;Biesjes_Fontein-01;South_Africa;17.9658;-30.9842;Perovskite;U-Th-Pb;60
1076;Spioenkop;South_Africa;28.2878;-28.6397;Whole_Rock;K-Ar;59
1086;Biesjes_Fontein-01;South_Africa;17.9658;-30.9842;Whole_Rock;K-Ar;56
1095;Biesjes_Fontein-01;South_Africa;17.9658;-30.9842;Perovskite;U-Th-Pb;55
1096;Kap_Kap;South_Africa;18.4269;-30.2192;Zircon;U-Th-Pb;54
1109;Mostertsvlei-02;South_Africa;18.14217;-30.77835;Zircon;U-Th-Pb;52
2;Silvery_Home_Gr;South_Africa;22.2601;-31.5127;Perovskite;U-Th-Pb;183
3;Rusland-01;South_Africa;29.1931;-24.2639;Perovskite;U-Th-Pb;181
4;Droogfontein-01;South_Africa;22.2692;-31.6474;Perovskite;U-Th-Pb;168
5;Dullstroom-02;South_Africa;30.1067;-25.5322;Phlogopite/Biotite;Rb-Sr;165
6;Melton_Wold;South_Africa;22.7397;-31.5019;Perovskite;U-Th-Pb;163
7;Voorspoed-01;South_Africa;27.2036;-27.3989;Phlogopite;Ar-Ar;159
8;Stieniesrus;South_Africa;26.7024;-28.3147;Perovskite;U-Th-Pb;147
9;Lace;South_Africa;27.1278;-27.4433;Whole_Rock+Mineral;Rb-Sr;145
10;Swartruggens_01;South_Africa;26.6525;-25.5917;Phlogopite;Ar-Ar;145
11;Swartruggens_01;South_Africa;26.6525;-25.5917;Whole_Rock+Mineral;Rb-Sr;144
12;Impala_Platinum_Mines;South_Africa;27.2167;-25.6167;Whole_Rock+Mineral;Rb-Sr;141
13;Stieniesrus;South_Africa;26.7024;-28.3147;Phlogopite;Ar-Ar;140
14;Dundee-58;South_Africa;27.1955;-29.3404;Perovskite;U-Th-Pb;138
15;Stieniesrus;South_Africa;26.7024;-28.3147;Whole_Rock+Mineral;Rb-Sr;135
16;Stieniesrus;South_Africa;26.7024;-28.3147;Phlogopite;Ar-Ar;135
17;Salpetrepan-01;South_Africa;24.5467;-29.2458;Phlogopite;Ar-Ar;134
18;Lace;South_Africa;27.1278;-27.4433;Phlogopite;Ar-Ar;134
19;Besterskraal_N;South_Africa;27.0597;-27.4489;Phlogopite;Ar-Ar;133
20;Blaauwbosch;South_Africa;25.4574;-28.5573;Phlogopite/Biotite;Rb-Sr;133
21;Voorspoed-01;South_Africa;27.2036;-27.3989;Phlogopite;Ar-Ar;132
22;New_Elands;South_Africa;25.4942;-28.51;Phlogopite/Biotite;Rb-Sr;128
23;Roberts_Victor;South_Africa;25.5596;-28.4912;Phlogopite/Biotite;Rb-Sr;128
24;Roberts_Victor;South_Africa;25.5596;-28.4912;Phlogopite/Biotite;Rb-Sr;128
25;Finsch;South_Africa;23.445;-28.385;Phlogopite;Ar-Ar;127
26;Finsch;South_Africa;23.4445;-28.3854;Perovskite;U-Th-Pb;126
27;X007;South_Africa;23.9504;-27.9425;Perovskite;U-Th-Pb;126
28;Lace;South_Africa;27.1278;-27.4433;Perovskite;U-Th-Pb;125
29;Rowden;South_Africa;25.0266;-28.6169;Perovskite;U-Th-Pb;125
30;Sanddrift;South_Africa;22.9329;-29.5107;Whole_Rock+Mineral;Rb-Sr;125
31;Zoet_En_Zuur;South_Africa;25.4931;-28.5158;Phlogopite;K-Ar;125
32;Blaauwbosch;South_Africa;25.4574;-28.5573;Whole_Rock+Mineral;Rb-Sr;124
33;Roberts_Victor;South_Africa;25.5596;-28.4912;Phlogopite/Biotite;Rb-Sr;124
34;Star_GR;South_Africa;26.7951;-28.3183;Phlogopite;K-Ar;124
35;New_Elands;South_Africa;25.4942;-28.51;Phlogopite/Biotite;Rb-Sr;123
36;X035;South_Africa;23.6953;-28.3621;Whole_Rock+Mineral;Rb-Sr;122
37;X045;South_Africa;23.9167;-28.1611;Whole_Rock+Mineral;Rb-Sr;122
38;Makganyene;South_Africa;22.9197;-28.1522;Whole_Rock+Mineral;Rb-Sr;121
39;Witberg_East;South_Africa;22.3456;-29.1857;Perovskite;U-Th-Pb;121
40;New_Elands;South_Africa;25.4942;-28.51;Phlogopite;Ar-Ar;120
41;Poortjie;South_Africa;24.2908;-28.0139;Phlogopite/Biotite;Rb-Sr;120
42;Aarons_Prospect;South_Africa;24.5859;-28.6465;Phlogopite;Ar-Ar;119
43;Bellsbank_Gr;South_Africa;24.4017;-28.0913;Whole_Rock+Mineral;Rb-Sr;119
44;Postmas-02;South_Africa;23.1086;-28.2772;Phlogopite;Ar-Ar;119
45;X165;South_Africa;23.6437;-28.1821;Phlogopite;Ar-Ar;119
46;Finsch;South_Africa;23.4445;-28.3854;Whole_Rock+Mineral;Rb-Sr;118
47;Witberg_East;South_Africa;22.3456;-29.1857;Whole_Rock+Mineral;Rb-Sr;118
48;X045;South_Africa;23.919;-28.161;Phlogopite;Ar-Ar;118
49;Mullersvlei;South_Africa;26.8309;-28.3126;Perovskite;U-Th-Pb;117
50;Bellsbank_Gr;South_Africa;24.4017;-28.0913;Perovskite;U-Th-Pb;115
51;Bellsbank_Gr;South_Africa;24.4017;-28.0913;Whole_Rock+Mineral;Rb-Sr;114
52;Frank_Smith_Gr;South_Africa;24.5151;-28.2457;Whole_Rock+Mineral;Rb-Sr;114
53;Newlands_Gr;South_Africa;24.3981;-28.3506;Whole_Rock+Mineral;Rb-Sr;114
54;Doornkloof_Sover;South_Africa;24.5061;-28.2112;Phlogopite/Biotite;Rb-Sr;113
55;Frank_Smith_Gr;South_Africa;24.5151;-28.2457;Zircon;U-Th-Pb;111
467;Dokolwayo-02;Swaziland;31.6381;-26.1353;Phlogopite/Biotite;Rb-Sr;203
1;Dokolwayo-02;Swaziland;31.6381;-26.1353;Phlogopite/Biotite;Rb-Sr;203
67;Kalix_Group;Sweden;23.1667;65.8667;Phlogopite/Biotite;K-Ar;1142
233;Avike;Sweden;17.5;62.88;Phlogopite;K-Ar;542
240;Naset;Sweden;17.4694;62.4625;Phlogopite/Biotite;K-Ar;537
62;Itanana;Tanzania;32.9037;-4.1837;Phlogopite;Ar-Ar;1149
90;Bubiki;Tanzania;33.3429;-3.3759;Phlogopite;Ar-Ar;1115
98;Songwa-02;Tanzania;33.5377;-3.5242;Phlogopite;Ar-Ar;1105
117;Bubiki;Tanzania;33.3429;-3.3759;Phlogopite;Rb-Sr;1097
148;Itanana;Tanzania;32.9037;-4.1837;Perovskite;U-Th-Pb;1083
182;Isuli;Tanzania;33.7666;-5.2833;GAR;Ar-Ar;667
979;Isuli;Tanzania;33.7666;-5.2833;Perovskite;U-Th-Pb;80
1044;X289;Tanzania;33.7295;-3.5508;Perovskite;U-Th-Pb;68
1051;X015;Tanzania;32.9695;-3.9128;Phlogopite;Ar-Ar;65
1070;Negezi-02;Tanzania;33.6514;-3.6367;Perovskite;U-Th-Pb;60
1071;Sultan;Tanzania;33.4173;-3.7074;Clinopyroxene;Ar-Ar;60
1072;X286;Tanzania;33.7182;-3.5472;Perovskite;U-Th-Pb;60
1082;X315;Tanzania;33.4719;-3.6139;Perovskite;U-Th-Pb;57
1097;80K1;Tanzania;33.235;-4.139;Zircon;Fission_Track;54
1098;Usongo;Tanzania;33.235;-4.139;Zircon;U-Th-Pb;54
1107;Mwadui;Tanzania;33.6077;-3.5145;Zircon;Fission_Track;52
1113;Loya-01;Tanzania;33.75;-4.75;Zircon;U-Th-Pb;51
1114;X051;Tanzania;33.5468;-4.0922;Perovskite;U-Th-Pb;51
1124;X073;Tanzania;33.4244;-4.065;Perovskite;U-Th-Pb;47
1125;Blarangetti-02;Tanzania;34.2667;-5.0833;Zircon;Ar-Ar;46
1127;Kikhomango;Tanzania;34.525;-5.2233;Perovskite;U-Th-Pb;44
1131;Mparinga-02;Tanzania;33.4775;-4.8175;Zircon;U-Th-Pb;27
1133;Igwisi_Hills;Tanzania;31.9167;-4.8667;Olivine;He-Exposure;0
37;Sloan-01;USA;-105.4533;40.8433;Phlogopite/Biotite;K-Ar;1350
168;Dow-02;USA;-88.163;46.0494;Phlogopite/Biotite;Rb-Sr;793
190;Chicken_Park-01;USA;-105.5344;40.8664;Perovskite;U-Th-Pb;615
194;George_Creek;USA;-105.7014;40.8908;Phlogopite;Rb-Sr;600
316;Estes_Park_Dykes;USA;-105.5186;40.3289;Phlogopite/Biotite;Rb-Sr;404
320;Kidwell-26;USA;-90.2014;37.7439;Phlogopite/Biotite;K-Ar;397
326;Avon;USA;-90.3153;37.8178;Phlogopite/Biotite;K-Ar;388
330;Kidwell-31;USA;-90.1981;37.7347;Phlogopite/Biotite;K-Ar;385
344;Schaffer-03;USA;-105.47;41.0056;Zircon;Fission_Track;377
384;Iron_Mountain-53;USA;-105.2067;41.6497;Phlogopite/Biotite;Rb-Sr;326
392;Hicks_Dome_Plug;USA;-88.3667;37.5344;Amphibole;K-Ar;288
394;Ison_Creek_West;USA;-82.9833;38.1;Phlogopite/Biotite;K-Ar;286
396;Ison_Creek_East;USA;-83;38.1167;Phlogopite/Biotite;K-Ar;270
404;Rosiclare_Dykes;USA;-88.3333;37.4417;Amphibole;K-Ar;252
485;Lake_Ellen;USA;-88.1035;46.1031;Phlogopite;Rb-Sr;186
505;Ithaca_Group;USA;-77;42.5;Whole_Rock;K-Ar;176
565;Portland_Point_Quarry;USA;-76.5183;42.5333;Phlogopite;K-Ar;155
569;Dyke-3_Power_plant;USA;-74.73333;43.01889;Phlogopite/Biotite;K-Ar;154
590;Manneheim_Dyke;USA;-77;42.5;Phlogopite/Biotite;K-Ar;150
591;Masontown;USA;-79.9667;39.9667;Phlogopite;Ar-Ar;150
601;Glenwood_Creek_dyke;USA;-76.5467;42.4936;Perovskite;U-Th-Pb;148
610;Cascadilla;USA;-76.4883;42.4442;Whole_Rock;K-Ar;146
611;Ithaca_Reservoir;USA;-76.453;42.4102;Phlogopite;Rb-Sr;146
612;Williams_Brook_Dyke;USA;-76.5239;42.4583;Perovskite;U-Th-Pb;146
631;Ludlowville_Dykes;USA;-76.535;42.5522;Phlogopite/Biotite;Rb-Sr;141
635;Frontegnac_Creek_Dykes;USA;-76.6367;42.55;Whole_Rock;K-Ar;140
684;De_Wit_Dyke;USA;-76.0733;42.9744;Whole_Rock;K-Ar;130
692;Euclid_Ave_Dyke;USA;-77;42.5;Whole_Rock;K-Ar;128
705;Clintonville_Dyke;USA;-76.3436;42.9344;Whole_Rock;K-Ar;125
720;Taughannock_Creek-03;USA;-76.6133;42.5333;Phlogopite;K-Ar;120
737;Bala;USA;-96.9225;39.3052;Apatite;Fission_Track;115
745;Stockdale;USA;-96.7244;39.3414;Apatite;Fission_Track;112
760;Leonardville;USA;-96.8614;39.3283;Whole_Rock+Mineral;Rb-Sr;104
817;Winkler;USA;-96.8203;39.49;Phlogopite;K-Ar;95
877;Dixonville;USA;-79.0333;40.6667;Whole_Rock+Mineral;Rb-Sr;89
995;Green_Mountain;USA;-105.3011;39.9794;Apatite;Fission_Track;77
1108;Zortman-01;USA;-108.5175;47.9153;Phlogopite;K-Ar;52
1111;Yellow_Water_Rerservoir-02;USA;-108.4783;46.9236;Phlogopite;Ar-Ar;51
1115;Burnt_Wagon;USA;-108.9638;47.8888;Phlogopite/Biotite;K-Ar;51
1116;Snoose_Creek-03;USA;-108.5628;46.9842;Phlogopite;Ar-Ar;50
1117;Winnet_Sill_N;USA;-108.5867;47.0075;Phlogopite;Ar-Ar;50
1118;Teigen-09;USA;-108.5714;47.0961;Phlogopite;Ar-Ar;50
1120;Haystack_Butte;USA;-110.2217;47.6375;Phlogopite/Biotite;K-Ar;48
1121;Williams-01;USA;-108.6908;47.8539;Phlogopite/Biotite;K-Ar;48
175;Guaniamo-01;Venezuela;-65.8155;6.3627;Phlogopite;Rb-Sr;712
